"23,90",Super Sparpreis,Y,0,"Do., 1.12.2022",Berlin+Hbf,Biberach%28Ri%C3%9F%29,7h 50min,04:50,12:40
"29,90",Sparpreis,Y,0,"Do., 1.12.2022",Berlin+Hbf,Biberach%28Ri%C3%9F%29,7h 50min,04:50,12:40
"145,00",Flexpreis,Y,0,"Do., 1.12.2022",Berlin+Hbf,Biberach%28Ri%C3%9F%29,7h 50min,04:50,12:40
"166,90",Flexpreis Plus,Y,0,"Do., 1.12.2022",Berlin+Hbf,Biberach%28Ri%C3%9F%29,7h 50min,04:50,12:40
"28,90",Super Sparpreis Young,Y,0,"Do., 1.12.2022",Berlin+Hbf,Biberach%28Ri%C3%9F%29,6h 36min,05:00,11:36
"34,90",Sparpreis Young,Y,0,"Do., 1.12.2022",Berlin+Hbf,Biberach%28Ri%C3%9F%29,6h 36min,05:00,11:36
"143,00",Flexpreis,Y,0,"Do., 1.12.2022",Berlin+Hbf,Biberach%28Ri%C3%9F%29,6h 36min,05:00,11:36
"164,70",Flexpreis Plus,Y,0,"Do., 1.12.2022",Berlin+Hbf,Biberach%28Ri%C3%9F%29,6h 36min,05:00,11:36
"27,90",Super Sparpreis,Y,0,"Do., 1.12.2022",Berlin+Hbf,Biberach%28Ri%C3%9F%29,8h 01min,06:30,14:31
"33,90",Sparpreis,Y,0,"Do., 1.12.2022",Berlin+Hbf,Biberach%28Ri%C3%9F%29,8h 01min,06:30,14:31
"145,00",Flexpreis,Y,0,"Do., 1.12.2022",Berlin+Hbf,Biberach%28Ri%C3%9F%29,8h 01min,06:30,14:31
"166,90",Flexpreis Plus,Y,0,"Do., 1.12.2022",Berlin+Hbf,Biberach%28Ri%C3%9F%29,8h 01min,06:30,14:31
"34,90",Super Sparpreis Young,Y,0,"Do., 1.12.2022",Berlin+Hbf,Biberach%28Ri%C3%9F%29,7h 52min,06:50,14:42
"40,90",Sparpreis Young,Y,0,"Do., 1.12.2022",Berlin+Hbf,Biberach%28Ri%C3%9F%29,7h 52min,06:50,14:42
"145,00",Flexpreis,Y,0,"Do., 1.12.2022",Berlin+Hbf,Biberach%28Ri%C3%9F%29,7h 52min,06:50,14:42
"166,90",Flexpreis Plus,Y,0,"Do., 1.12.2022",Berlin+Hbf,Biberach%28Ri%C3%9F%29,7h 52min,06:50,14:42
"28,90",Super Sparpreis Young,Y,0,"Do., 1.12.2022",Berlin+Hbf,Biberach%28Ri%C3%9F%29,6h 45min,06:55,13:40
"34,90",Sparpreis Young,Y,0,"Do., 1.12.2022",Berlin+Hbf,Biberach%28Ri%C3%9F%29,6h 45min,06:55,13:40
"143,00",Flexpreis,Y,0,"Do., 1.12.2022",Berlin+Hbf,Biberach%28Ri%C3%9F%29,6h 45min,06:55,13:40
"164,70",Flexpreis Plus,Y,0,"Do., 1.12.2022",Berlin+Hbf,Biberach%28Ri%C3%9F%29,6h 45min,06:55,13:40
"23,90",Super Sparpreis,Y,0,"Do., 1.12.2022",Berlin+Hbf,Biberach%28Ri%C3%9F%29,7h 50min,04:50,12:40
"29,90",Sparpreis,Y,0,"Do., 1.12.2022",Berlin+Hbf,Biberach%28Ri%C3%9F%29,7h 50min,04:50,12:40
"145,00",Flexpreis,Y,0,"Do., 1.12.2022",Berlin+Hbf,Biberach%28Ri%C3%9F%29,7h 50min,04:50,12:40
"166,90",Flexpreis Plus,Y,0,"Do., 1.12.2022",Berlin+Hbf,Biberach%28Ri%C3%9F%29,7h 50min,04:50,12:40
"28,90",Super Sparpreis Young,Y,0,"Do., 1.12.2022",Berlin+Hbf,Biberach%28Ri%C3%9F%29,6h 36min,05:00,11:36
"34,90",Sparpreis Young,Y,0,"Do., 1.12.2022",Berlin+Hbf,Biberach%28Ri%C3%9F%29,6h 36min,05:00,11:36
"143,00",Flexpreis,Y,0,"Do., 1.12.2022",Berlin+Hbf,Biberach%28Ri%C3%9F%29,6h 36min,05:00,11:36
"164,70",Flexpreis Plus,Y,0,"Do., 1.12.2022",Berlin+Hbf,Biberach%28Ri%C3%9F%29,6h 36min,05:00,11:36
"27,90",Super Sparpreis,Y,0,"Do., 1.12.2022",Berlin+Hbf,Biberach%28Ri%C3%9F%29,8h 01min,06:30,14:31
"33,90",Sparpreis,Y,0,"Do., 1.12.2022",Berlin+Hbf,Biberach%28Ri%C3%9F%29,8h 01min,06:30,14:31
"145,00",Flexpreis,Y,0,"Do., 1.12.2022",Berlin+Hbf,Biberach%28Ri%C3%9F%29,8h 01min,06:30,14:31
"166,90",Flexpreis Plus,Y,0,"Do., 1.12.2022",Berlin+Hbf,Biberach%28Ri%C3%9F%29,8h 01min,06:30,14:31
"34,90",Super Sparpreis Young,Y,0,"Do., 1.12.2022",Berlin+Hbf,Biberach%28Ri%C3%9F%29,7h 52min,06:50,14:42
"40,90",Sparpreis Young,Y,0,"Do., 1.12.2022",Berlin+Hbf,Biberach%28Ri%C3%9F%29,7h 52min,06:50,14:42
"145,00",Flexpreis,Y,0,"Do., 1.12.2022",Berlin+Hbf,Biberach%28Ri%C3%9F%29,7h 52min,06:50,14:42
"166,90",Flexpreis Plus,Y,0,"Do., 1.12.2022",Berlin+Hbf,Biberach%28Ri%C3%9F%29,7h 52min,06:50,14:42
"28,90",Super Sparpreis Young,Y,0,"Do., 1.12.2022",Berlin+Hbf,Biberach%28Ri%C3%9F%29,6h 45min,06:55,13:40
"34,90",Sparpreis Young,Y,0,"Do., 1.12.2022",Berlin+Hbf,Biberach%28Ri%C3%9F%29,6h 45min,06:55,13:40
"143,00",Flexpreis,Y,0,"Do., 1.12.2022",Berlin+Hbf,Biberach%28Ri%C3%9F%29,6h 45min,06:55,13:40
"164,70",Flexpreis Plus,Y,0,"Do., 1.12.2022",Berlin+Hbf,Biberach%28Ri%C3%9F%29,6h 45min,06:55,13:40
"23,90",Super Sparpreis,Y,0,"Do., 1.12.2022",Berlin+Hbf,Biberach%28Ri%C3%9F%29,7h 50min,04:50,12:40
"29,90",Sparpreis,Y,0,"Do., 1.12.2022",Berlin+Hbf,Biberach%28Ri%C3%9F%29,7h 50min,04:50,12:40
"145,00",Flexpreis,Y,0,"Do., 1.12.2022",Berlin+Hbf,Biberach%28Ri%C3%9F%29,7h 50min,04:50,12:40
"166,90",Flexpreis Plus,Y,0,"Do., 1.12.2022",Berlin+Hbf,Biberach%28Ri%C3%9F%29,7h 50min,04:50,12:40
"28,90",Super Sparpreis Young,Y,0,"Do., 1.12.2022",Berlin+Hbf,Biberach%28Ri%C3%9F%29,6h 36min,05:00,11:36
"34,90",Sparpreis Young,Y,0,"Do., 1.12.2022",Berlin+Hbf,Biberach%28Ri%C3%9F%29,6h 36min,05:00,11:36
"143,00",Flexpreis,Y,0,"Do., 1.12.2022",Berlin+Hbf,Biberach%28Ri%C3%9F%29,6h 36min,05:00,11:36
"164,70",Flexpreis Plus,Y,0,"Do., 1.12.2022",Berlin+Hbf,Biberach%28Ri%C3%9F%29,6h 36min,05:00,11:36
"27,90",Super Sparpreis,Y,0,"Do., 1.12.2022",Berlin+Hbf,Biberach%28Ri%C3%9F%29,8h 01min,06:30,14:31
"33,90",Sparpreis,Y,0,"Do., 1.12.2022",Berlin+Hbf,Biberach%28Ri%C3%9F%29,8h 01min,06:30,14:31
"145,00",Flexpreis,Y,0,"Do., 1.12.2022",Berlin+Hbf,Biberach%28Ri%C3%9F%29,8h 01min,06:30,14:31
"166,90",Flexpreis Plus,Y,0,"Do., 1.12.2022",Berlin+Hbf,Biberach%28Ri%C3%9F%29,8h 01min,06:30,14:31
"34,90",Super Sparpreis Young,Y,0,"Do., 1.12.2022",Berlin+Hbf,Biberach%28Ri%C3%9F%29,7h 52min,06:50,14:42
"40,90",Sparpreis Young,Y,0,"Do., 1.12.2022",Berlin+Hbf,Biberach%28Ri%C3%9F%29,7h 52min,06:50,14:42
"145,00",Flexpreis,Y,0,"Do., 1.12.2022",Berlin+Hbf,Biberach%28Ri%C3%9F%29,7h 52min,06:50,14:42
"166,90",Flexpreis Plus,Y,0,"Do., 1.12.2022",Berlin+Hbf,Biberach%28Ri%C3%9F%29,7h 52min,06:50,14:42
"28,90",Super Sparpreis Young,Y,0,"Do., 1.12.2022",Berlin+Hbf,Biberach%28Ri%C3%9F%29,6h 45min,06:55,13:40
"34,90",Sparpreis Young,Y,0,"Do., 1.12.2022",Berlin+Hbf,Biberach%28Ri%C3%9F%29,6h 45min,06:55,13:40
"143,00",Flexpreis,Y,0,"Do., 1.12.2022",Berlin+Hbf,Biberach%28Ri%C3%9F%29,6h 45min,06:55,13:40
"164,70",Flexpreis Plus,Y,0,"Do., 1.12.2022",Berlin+Hbf,Biberach%28Ri%C3%9F%29,6h 45min,06:55,13:40
"23,90",Super Sparpreis,Y,0,"Do., 1.12.2022",Berlin+Hbf,Biberach%28Ri%C3%9F%29,7h 50min,04:50,12:40
"29,90",Sparpreis,Y,0,"Do., 1.12.2022",Berlin+Hbf,Biberach%28Ri%C3%9F%29,7h 50min,04:50,12:40
"145,00",Flexpreis,Y,0,"Do., 1.12.2022",Berlin+Hbf,Biberach%28Ri%C3%9F%29,7h 50min,04:50,12:40
"166,90",Flexpreis Plus,Y,0,"Do., 1.12.2022",Berlin+Hbf,Biberach%28Ri%C3%9F%29,7h 50min,04:50,12:40
"28,90",Super Sparpreis Young,Y,0,"Do., 1.12.2022",Berlin+Hbf,Biberach%28Ri%C3%9F%29,6h 36min,05:00,11:36
"34,90",Sparpreis Young,Y,0,"Do., 1.12.2022",Berlin+Hbf,Biberach%28Ri%C3%9F%29,6h 36min,05:00,11:36
"143,00",Flexpreis,Y,0,"Do., 1.12.2022",Berlin+Hbf,Biberach%28Ri%C3%9F%29,6h 36min,05:00,11:36
"164,70",Flexpreis Plus,Y,0,"Do., 1.12.2022",Berlin+Hbf,Biberach%28Ri%C3%9F%29,6h 36min,05:00,11:36
"27,90",Super Sparpreis,Y,0,"Do., 1.12.2022",Berlin+Hbf,Biberach%28Ri%C3%9F%29,8h 01min,06:30,14:31
"33,90",Sparpreis,Y,0,"Do., 1.12.2022",Berlin+Hbf,Biberach%28Ri%C3%9F%29,8h 01min,06:30,14:31
"145,00",Flexpreis,Y,0,"Do., 1.12.2022",Berlin+Hbf,Biberach%28Ri%C3%9F%29,8h 01min,06:30,14:31
"166,90",Flexpreis Plus,Y,0,"Do., 1.12.2022",Berlin+Hbf,Biberach%28Ri%C3%9F%29,8h 01min,06:30,14:31
"34,90",Super Sparpreis Young,Y,0,"Do., 1.12.2022",Berlin+Hbf,Biberach%28Ri%C3%9F%29,7h 52min,06:50,14:42
"40,90",Sparpreis Young,Y,0,"Do., 1.12.2022",Berlin+Hbf,Biberach%28Ri%C3%9F%29,7h 52min,06:50,14:42
"145,00",Flexpreis,Y,0,"Do., 1.12.2022",Berlin+Hbf,Biberach%28Ri%C3%9F%29,7h 52min,06:50,14:42
"166,90",Flexpreis Plus,Y,0,"Do., 1.12.2022",Berlin+Hbf,Biberach%28Ri%C3%9F%29,7h 52min,06:50,14:42
"28,90",Super Sparpreis Young,Y,0,"Do., 1.12.2022",Berlin+Hbf,Biberach%28Ri%C3%9F%29,6h 45min,06:55,13:40
"34,90",Sparpreis Young,Y,0,"Do., 1.12.2022",Berlin+Hbf,Biberach%28Ri%C3%9F%29,6h 45min,06:55,13:40
"143,00",Flexpreis,Y,0,"Do., 1.12.2022",Berlin+Hbf,Biberach%28Ri%C3%9F%29,6h 45min,06:55,13:40
"164,70",Flexpreis Plus,Y,0,"Do., 1.12.2022",Berlin+Hbf,Biberach%28Ri%C3%9F%29,6h 45min,06:55,13:40
"23,90",Super Sparpreis,Y,0,"Do., 1.12.2022",Berlin+Hbf,Biberach%28Ri%C3%9F%29,7h 50min,04:50,12:40
"29,90",Sparpreis,Y,0,"Do., 1.12.2022",Berlin+Hbf,Biberach%28Ri%C3%9F%29,7h 50min,04:50,12:40
"145,00",Flexpreis,Y,0,"Do., 1.12.2022",Berlin+Hbf,Biberach%28Ri%C3%9F%29,7h 50min,04:50,12:40
"166,90",Flexpreis Plus,Y,0,"Do., 1.12.2022",Berlin+Hbf,Biberach%28Ri%C3%9F%29,7h 50min,04:50,12:40
"28,90",Super Sparpreis Young,Y,0,"Do., 1.12.2022",Berlin+Hbf,Biberach%28Ri%C3%9F%29,6h 36min,05:00,11:36
"34,90",Sparpreis Young,Y,0,"Do., 1.12.2022",Berlin+Hbf,Biberach%28Ri%C3%9F%29,6h 36min,05:00,11:36
"143,00",Flexpreis,Y,0,"Do., 1.12.2022",Berlin+Hbf,Biberach%28Ri%C3%9F%29,6h 36min,05:00,11:36
"164,70",Flexpreis Plus,Y,0,"Do., 1.12.2022",Berlin+Hbf,Biberach%28Ri%C3%9F%29,6h 36min,05:00,11:36
"27,90",Super Sparpreis,Y,0,"Do., 1.12.2022",Berlin+Hbf,Biberach%28Ri%C3%9F%29,8h 01min,06:30,14:31
"33,90",Sparpreis,Y,0,"Do., 1.12.2022",Berlin+Hbf,Biberach%28Ri%C3%9F%29,8h 01min,06:30,14:31
"145,00",Flexpreis,Y,0,"Do., 1.12.2022",Berlin+Hbf,Biberach%28Ri%C3%9F%29,8h 01min,06:30,14:31
"166,90",Flexpreis Plus,Y,0,"Do., 1.12.2022",Berlin+Hbf,Biberach%28Ri%C3%9F%29,8h 01min,06:30,14:31
"34,90",Super Sparpreis Young,Y,0,"Do., 1.12.2022",Berlin+Hbf,Biberach%28Ri%C3%9F%29,7h 52min,06:50,14:42
"40,90",Sparpreis Young,Y,0,"Do., 1.12.2022",Berlin+Hbf,Biberach%28Ri%C3%9F%29,7h 52min,06:50,14:42
"145,00",Flexpreis,Y,0,"Do., 1.12.2022",Berlin+Hbf,Biberach%28Ri%C3%9F%29,7h 52min,06:50,14:42
"166,90",Flexpreis Plus,Y,0,"Do., 1.12.2022",Berlin+Hbf,Biberach%28Ri%C3%9F%29,7h 52min,06:50,14:42
"28,90",Super Sparpreis Young,Y,0,"Do., 1.12.2022",Berlin+Hbf,Biberach%28Ri%C3%9F%29,6h 45min,06:55,13:40
"34,90",Sparpreis Young,Y,0,"Do., 1.12.2022",Berlin+Hbf,Biberach%28Ri%C3%9F%29,6h 45min,06:55,13:40
"143,00",Flexpreis,Y,0,"Do., 1.12.2022",Berlin+Hbf,Biberach%28Ri%C3%9F%29,6h 45min,06:55,13:40
"164,70",Flexpreis Plus,Y,0,"Do., 1.12.2022",Berlin+Hbf,Biberach%28Ri%C3%9F%29,6h 45min,06:55,13:40
"23,90",Super Sparpreis,Y,0,"Do., 1.12.2022",Berlin+Hbf,Biberach%28Ri%C3%9F%29,7h 50min,04:50,12:40
"29,90",Sparpreis,Y,0,"Do., 1.12.2022",Berlin+Hbf,Biberach%28Ri%C3%9F%29,7h 50min,04:50,12:40
"145,00",Flexpreis,Y,0,"Do., 1.12.2022",Berlin+Hbf,Biberach%28Ri%C3%9F%29,7h 50min,04:50,12:40
"166,90",Flexpreis Plus,Y,0,"Do., 1.12.2022",Berlin+Hbf,Biberach%28Ri%C3%9F%29,7h 50min,04:50,12:40
"28,90",Super Sparpreis Young,Y,0,"Do., 1.12.2022",Berlin+Hbf,Biberach%28Ri%C3%9F%29,6h 36min,05:00,11:36
"34,90",Sparpreis Young,Y,0,"Do., 1.12.2022",Berlin+Hbf,Biberach%28Ri%C3%9F%29,6h 36min,05:00,11:36
"143,00",Flexpreis,Y,0,"Do., 1.12.2022",Berlin+Hbf,Biberach%28Ri%C3%9F%29,6h 36min,05:00,11:36
"164,70",Flexpreis Plus,Y,0,"Do., 1.12.2022",Berlin+Hbf,Biberach%28Ri%C3%9F%29,6h 36min,05:00,11:36
"27,90",Super Sparpreis,Y,0,"Do., 1.12.2022",Berlin+Hbf,Biberach%28Ri%C3%9F%29,8h 01min,06:30,14:31
"33,90",Sparpreis,Y,0,"Do., 1.12.2022",Berlin+Hbf,Biberach%28Ri%C3%9F%29,8h 01min,06:30,14:31
"145,00",Flexpreis,Y,0,"Do., 1.12.2022",Berlin+Hbf,Biberach%28Ri%C3%9F%29,8h 01min,06:30,14:31
"166,90",Flexpreis Plus,Y,0,"Do., 1.12.2022",Berlin+Hbf,Biberach%28Ri%C3%9F%29,8h 01min,06:30,14:31
"34,90",Super Sparpreis Young,Y,0,"Do., 1.12.2022",Berlin+Hbf,Biberach%28Ri%C3%9F%29,7h 52min,06:50,14:42
"40,90",Sparpreis Young,Y,0,"Do., 1.12.2022",Berlin+Hbf,Biberach%28Ri%C3%9F%29,7h 52min,06:50,14:42
"145,00",Flexpreis,Y,0,"Do., 1.12.2022",Berlin+Hbf,Biberach%28Ri%C3%9F%29,7h 52min,06:50,14:42
"166,90",Flexpreis Plus,Y,0,"Do., 1.12.2022",Berlin+Hbf,Biberach%28Ri%C3%9F%29,7h 52min,06:50,14:42
"28,90",Super Sparpreis Young,Y,0,"Do., 1.12.2022",Berlin+Hbf,Biberach%28Ri%C3%9F%29,6h 45min,06:55,13:40
"34,90",Sparpreis Young,Y,0,"Do., 1.12.2022",Berlin+Hbf,Biberach%28Ri%C3%9F%29,6h 45min,06:55,13:40
"143,00",Flexpreis,Y,0,"Do., 1.12.2022",Berlin+Hbf,Biberach%28Ri%C3%9F%29,6h 45min,06:55,13:40
"164,70",Flexpreis Plus,Y,0,"Do., 1.12.2022",Berlin+Hbf,Biberach%28Ri%C3%9F%29,6h 45min,06:55,13:40
"23,90",Super Sparpreis,Y,0,"Do., 1.12.2022",Berlin+Hbf,Biberach%28Ri%C3%9F%29,7h 50min,04:50,12:40
"29,90",Sparpreis,Y,0,"Do., 1.12.2022",Berlin+Hbf,Biberach%28Ri%C3%9F%29,7h 50min,04:50,12:40
"145,00",Flexpreis,Y,0,"Do., 1.12.2022",Berlin+Hbf,Biberach%28Ri%C3%9F%29,7h 50min,04:50,12:40
"166,90",Flexpreis Plus,Y,0,"Do., 1.12.2022",Berlin+Hbf,Biberach%28Ri%C3%9F%29,7h 50min,04:50,12:40
"28,90",Super Sparpreis Young,Y,0,"Do., 1.12.2022",Berlin+Hbf,Biberach%28Ri%C3%9F%29,6h 36min,05:00,11:36
"34,90",Sparpreis Young,Y,0,"Do., 1.12.2022",Berlin+Hbf,Biberach%28Ri%C3%9F%29,6h 36min,05:00,11:36
"143,00",Flexpreis,Y,0,"Do., 1.12.2022",Berlin+Hbf,Biberach%28Ri%C3%9F%29,6h 36min,05:00,11:36
"164,70",Flexpreis Plus,Y,0,"Do., 1.12.2022",Berlin+Hbf,Biberach%28Ri%C3%9F%29,6h 36min,05:00,11:36
"27,90",Super Sparpreis,Y,0,"Do., 1.12.2022",Berlin+Hbf,Biberach%28Ri%C3%9F%29,8h 01min,06:30,14:31
"33,90",Sparpreis,Y,0,"Do., 1.12.2022",Berlin+Hbf,Biberach%28Ri%C3%9F%29,8h 01min,06:30,14:31
"145,00",Flexpreis,Y,0,"Do., 1.12.2022",Berlin+Hbf,Biberach%28Ri%C3%9F%29,8h 01min,06:30,14:31
"166,90",Flexpreis Plus,Y,0,"Do., 1.12.2022",Berlin+Hbf,Biberach%28Ri%C3%9F%29,8h 01min,06:30,14:31
"34,90",Super Sparpreis Young,Y,0,"Do., 1.12.2022",Berlin+Hbf,Biberach%28Ri%C3%9F%29,7h 52min,06:50,14:42
"40,90",Sparpreis Young,Y,0,"Do., 1.12.2022",Berlin+Hbf,Biberach%28Ri%C3%9F%29,7h 52min,06:50,14:42
"145,00",Flexpreis,Y,0,"Do., 1.12.2022",Berlin+Hbf,Biberach%28Ri%C3%9F%29,7h 52min,06:50,14:42
"166,90",Flexpreis Plus,Y,0,"Do., 1.12.2022",Berlin+Hbf,Biberach%28Ri%C3%9F%29,7h 52min,06:50,14:42
"28,90",Super Sparpreis Young,Y,0,"Do., 1.12.2022",Berlin+Hbf,Biberach%28Ri%C3%9F%29,6h 45min,06:55,13:40
"34,90",Sparpreis Young,Y,0,"Do., 1.12.2022",Berlin+Hbf,Biberach%28Ri%C3%9F%29,6h 45min,06:55,13:40
"143,00",Flexpreis,Y,0,"Do., 1.12.2022",Berlin+Hbf,Biberach%28Ri%C3%9F%29,6h 45min,06:55,13:40
"164,70",Flexpreis Plus,Y,0,"Do., 1.12.2022",Berlin+Hbf,Biberach%28Ri%C3%9F%29,6h 45min,06:55,13:40
"23,90",Super Sparpreis,Y,0,"Do., 1.12.2022",Berlin+Hbf,Biberach%28Ri%C3%9F%29,7h 50min,04:50,12:40
"29,90",Sparpreis,Y,0,"Do., 1.12.2022",Berlin+Hbf,Biberach%28Ri%C3%9F%29,7h 50min,04:50,12:40
"145,00",Flexpreis,Y,0,"Do., 1.12.2022",Berlin+Hbf,Biberach%28Ri%C3%9F%29,7h 50min,04:50,12:40
"166,90",Flexpreis Plus,Y,0,"Do., 1.12.2022",Berlin+Hbf,Biberach%28Ri%C3%9F%29,7h 50min,04:50,12:40
"28,90",Super Sparpreis Young,Y,0,"Do., 1.12.2022",Berlin+Hbf,Biberach%28Ri%C3%9F%29,6h 36min,05:00,11:36
"34,90",Sparpreis Young,Y,0,"Do., 1.12.2022",Berlin+Hbf,Biberach%28Ri%C3%9F%29,6h 36min,05:00,11:36
"143,00",Flexpreis,Y,0,"Do., 1.12.2022",Berlin+Hbf,Biberach%28Ri%C3%9F%29,6h 36min,05:00,11:36
"164,70",Flexpreis Plus,Y,0,"Do., 1.12.2022",Berlin+Hbf,Biberach%28Ri%C3%9F%29,6h 36min,05:00,11:36
"27,90",Super Sparpreis,Y,0,"Do., 1.12.2022",Berlin+Hbf,Biberach%28Ri%C3%9F%29,8h 01min,06:30,14:31
"33,90",Sparpreis,Y,0,"Do., 1.12.2022",Berlin+Hbf,Biberach%28Ri%C3%9F%29,8h 01min,06:30,14:31
"145,00",Flexpreis,Y,0,"Do., 1.12.2022",Berlin+Hbf,Biberach%28Ri%C3%9F%29,8h 01min,06:30,14:31
"166,90",Flexpreis Plus,Y,0,"Do., 1.12.2022",Berlin+Hbf,Biberach%28Ri%C3%9F%29,8h 01min,06:30,14:31
"34,90",Super Sparpreis Young,Y,0,"Do., 1.12.2022",Berlin+Hbf,Biberach%28Ri%C3%9F%29,7h 52min,06:50,14:42
"40,90",Sparpreis Young,Y,0,"Do., 1.12.2022",Berlin+Hbf,Biberach%28Ri%C3%9F%29,7h 52min,06:50,14:42
"145,00",Flexpreis,Y,0,"Do., 1.12.2022",Berlin+Hbf,Biberach%28Ri%C3%9F%29,7h 52min,06:50,14:42
"166,90",Flexpreis Plus,Y,0,"Do., 1.12.2022",Berlin+Hbf,Biberach%28Ri%C3%9F%29,7h 52min,06:50,14:42
"28,90",Super Sparpreis Young,Y,0,"Do., 1.12.2022",Berlin+Hbf,Biberach%28Ri%C3%9F%29,6h 45min,06:55,13:40
"34,90",Sparpreis Young,Y,0,"Do., 1.12.2022",Berlin+Hbf,Biberach%28Ri%C3%9F%29,6h 45min,06:55,13:40
"143,00",Flexpreis,Y,0,"Do., 1.12.2022",Berlin+Hbf,Biberach%28Ri%C3%9F%29,6h 45min,06:55,13:40
"164,70",Flexpreis Plus,Y,0,"Do., 1.12.2022",Berlin+Hbf,Biberach%28Ri%C3%9F%29,6h 45min,06:55,13:40
"23,90",Super Sparpreis,Y,0,"Do., 1.12.2022",Berlin+Hbf,Biberach%28Ri%C3%9F%29,7h 50min,04:50,12:40
"29,90",Sparpreis,Y,0,"Do., 1.12.2022",Berlin+Hbf,Biberach%28Ri%C3%9F%29,7h 50min,04:50,12:40
"145,00",Flexpreis,Y,0,"Do., 1.12.2022",Berlin+Hbf,Biberach%28Ri%C3%9F%29,7h 50min,04:50,12:40
"166,90",Flexpreis Plus,Y,0,"Do., 1.12.2022",Berlin+Hbf,Biberach%28Ri%C3%9F%29,7h 50min,04:50,12:40
"28,90",Super Sparpreis Young,Y,0,"Do., 1.12.2022",Berlin+Hbf,Biberach%28Ri%C3%9F%29,6h 36min,05:00,11:36
"34,90",Sparpreis Young,Y,0,"Do., 1.12.2022",Berlin+Hbf,Biberach%28Ri%C3%9F%29,6h 36min,05:00,11:36
"143,00",Flexpreis,Y,0,"Do., 1.12.2022",Berlin+Hbf,Biberach%28Ri%C3%9F%29,6h 36min,05:00,11:36
"164,70",Flexpreis Plus,Y,0,"Do., 1.12.2022",Berlin+Hbf,Biberach%28Ri%C3%9F%29,6h 36min,05:00,11:36
"27,90",Super Sparpreis,Y,0,"Do., 1.12.2022",Berlin+Hbf,Biberach%28Ri%C3%9F%29,8h 01min,06:30,14:31
"33,90",Sparpreis,Y,0,"Do., 1.12.2022",Berlin+Hbf,Biberach%28Ri%C3%9F%29,8h 01min,06:30,14:31
"145,00",Flexpreis,Y,0,"Do., 1.12.2022",Berlin+Hbf,Biberach%28Ri%C3%9F%29,8h 01min,06:30,14:31
"166,90",Flexpreis Plus,Y,0,"Do., 1.12.2022",Berlin+Hbf,Biberach%28Ri%C3%9F%29,8h 01min,06:30,14:31
"34,90",Super Sparpreis Young,Y,0,"Do., 1.12.2022",Berlin+Hbf,Biberach%28Ri%C3%9F%29,7h 52min,06:50,14:42
"40,90",Sparpreis Young,Y,0,"Do., 1.12.2022",Berlin+Hbf,Biberach%28Ri%C3%9F%29,7h 52min,06:50,14:42
"145,00",Flexpreis,Y,0,"Do., 1.12.2022",Berlin+Hbf,Biberach%28Ri%C3%9F%29,7h 52min,06:50,14:42
"166,90",Flexpreis Plus,Y,0,"Do., 1.12.2022",Berlin+Hbf,Biberach%28Ri%C3%9F%29,7h 52min,06:50,14:42
"28,90",Super Sparpreis Young,Y,0,"Do., 1.12.2022",Berlin+Hbf,Biberach%28Ri%C3%9F%29,6h 45min,06:55,13:40
"34,90",Sparpreis Young,Y,0,"Do., 1.12.2022",Berlin+Hbf,Biberach%28Ri%C3%9F%29,6h 45min,06:55,13:40
"143,00",Flexpreis,Y,0,"Do., 1.12.2022",Berlin+Hbf,Biberach%28Ri%C3%9F%29,6h 45min,06:55,13:40
"164,70",Flexpreis Plus,Y,0,"Do., 1.12.2022",Berlin+Hbf,Biberach%28Ri%C3%9F%29,6h 45min,06:55,13:40
"23,90",Super Sparpreis,Y,0,"Do., 1.12.2022",Berlin+Hbf,Biberach%28Ri%C3%9F%29,7h 50min,04:50,12:40
"29,90",Sparpreis,Y,0,"Do., 1.12.2022",Berlin+Hbf,Biberach%28Ri%C3%9F%29,7h 50min,04:50,12:40
"145,00",Flexpreis,Y,0,"Do., 1.12.2022",Berlin+Hbf,Biberach%28Ri%C3%9F%29,7h 50min,04:50,12:40
"166,90",Flexpreis Plus,Y,0,"Do., 1.12.2022",Berlin+Hbf,Biberach%28Ri%C3%9F%29,7h 50min,04:50,12:40
"28,90",Super Sparpreis Young,Y,0,"Do., 1.12.2022",Berlin+Hbf,Biberach%28Ri%C3%9F%29,6h 36min,05:00,11:36
"34,90",Sparpreis Young,Y,0,"Do., 1.12.2022",Berlin+Hbf,Biberach%28Ri%C3%9F%29,6h 36min,05:00,11:36
"143,00",Flexpreis,Y,0,"Do., 1.12.2022",Berlin+Hbf,Biberach%28Ri%C3%9F%29,6h 36min,05:00,11:36
"164,70",Flexpreis Plus,Y,0,"Do., 1.12.2022",Berlin+Hbf,Biberach%28Ri%C3%9F%29,6h 36min,05:00,11:36
"27,90",Super Sparpreis,Y,0,"Do., 1.12.2022",Berlin+Hbf,Biberach%28Ri%C3%9F%29,8h 01min,06:30,14:31
"33,90",Sparpreis,Y,0,"Do., 1.12.2022",Berlin+Hbf,Biberach%28Ri%C3%9F%29,8h 01min,06:30,14:31
"145,00",Flexpreis,Y,0,"Do., 1.12.2022",Berlin+Hbf,Biberach%28Ri%C3%9F%29,8h 01min,06:30,14:31
"166,90",Flexpreis Plus,Y,0,"Do., 1.12.2022",Berlin+Hbf,Biberach%28Ri%C3%9F%29,8h 01min,06:30,14:31
"34,90",Super Sparpreis Young,Y,0,"Do., 1.12.2022",Berlin+Hbf,Biberach%28Ri%C3%9F%29,7h 52min,06:50,14:42
"40,90",Sparpreis Young,Y,0,"Do., 1.12.2022",Berlin+Hbf,Biberach%28Ri%C3%9F%29,7h 52min,06:50,14:42
"145,00",Flexpreis,Y,0,"Do., 1.12.2022",Berlin+Hbf,Biberach%28Ri%C3%9F%29,7h 52min,06:50,14:42
"166,90",Flexpreis Plus,Y,0,"Do., 1.12.2022",Berlin+Hbf,Biberach%28Ri%C3%9F%29,7h 52min,06:50,14:42
"28,90",Super Sparpreis Young,Y,0,"Do., 1.12.2022",Berlin+Hbf,Biberach%28Ri%C3%9F%29,6h 45min,06:55,13:40
"34,90",Sparpreis Young,Y,0,"Do., 1.12.2022",Berlin+Hbf,Biberach%28Ri%C3%9F%29,6h 45min,06:55,13:40
"143,00",Flexpreis,Y,0,"Do., 1.12.2022",Berlin+Hbf,Biberach%28Ri%C3%9F%29,6h 45min,06:55,13:40
"164,70",Flexpreis Plus,Y,0,"Do., 1.12.2022",Berlin+Hbf,Biberach%28Ri%C3%9F%29,6h 45min,06:55,13:40
"28,90",Super Sparpreis Young,Y,0,"Do., 1.12.2022",Berlin+Hbf,Biberach%28Ri%C3%9F%29,6h 36min,05:00,11:36
"34,90",Sparpreis Young,Y,0,"Do., 1.12.2022",Berlin+Hbf,Biberach%28Ri%C3%9F%29,6h 36min,05:00,11:36
"143,00",Flexpreis,Y,0,"Do., 1.12.2022",Berlin+Hbf,Biberach%28Ri%C3%9F%29,6h 36min,05:00,11:36
"164,70",Flexpreis Plus,Y,0,"Do., 1.12.2022",Berlin+Hbf,Biberach%28Ri%C3%9F%29,6h 36min,05:00,11:36
"27,90",Super Sparpreis,Y,0,"Do., 1.12.2022",Berlin+Hbf,Biberach%28Ri%C3%9F%29,8h 01min,06:30,14:31
"33,90",Sparpreis,Y,0,"Do., 1.12.2022",Berlin+Hbf,Biberach%28Ri%C3%9F%29,8h 01min,06:30,14:31
"145,00",Flexpreis,Y,0,"Do., 1.12.2022",Berlin+Hbf,Biberach%28Ri%C3%9F%29,8h 01min,06:30,14:31
"166,90",Flexpreis Plus,Y,0,"Do., 1.12.2022",Berlin+Hbf,Biberach%28Ri%C3%9F%29,8h 01min,06:30,14:31
"34,90",Super Sparpreis Young,Y,0,"Do., 1.12.2022",Berlin+Hbf,Biberach%28Ri%C3%9F%29,7h 52min,06:50,14:42
"40,90",Sparpreis Young,Y,0,"Do., 1.12.2022",Berlin+Hbf,Biberach%28Ri%C3%9F%29,7h 52min,06:50,14:42
"145,00",Flexpreis,Y,0,"Do., 1.12.2022",Berlin+Hbf,Biberach%28Ri%C3%9F%29,7h 52min,06:50,14:42
"166,90",Flexpreis Plus,Y,0,"Do., 1.12.2022",Berlin+Hbf,Biberach%28Ri%C3%9F%29,7h 52min,06:50,14:42
"28,90",Super Sparpreis Young,Y,0,"Do., 1.12.2022",Berlin+Hbf,Biberach%28Ri%C3%9F%29,6h 45min,06:55,13:40
"34,90",Sparpreis Young,Y,0,"Do., 1.12.2022",Berlin+Hbf,Biberach%28Ri%C3%9F%29,6h 45min,06:55,13:40
"143,00",Flexpreis,Y,0,"Do., 1.12.2022",Berlin+Hbf,Biberach%28Ri%C3%9F%29,6h 45min,06:55,13:40
"164,70",Flexpreis Plus,Y,0,"Do., 1.12.2022",Berlin+Hbf,Biberach%28Ri%C3%9F%29,6h 45min,06:55,13:40
"27,90",Super Sparpreis,Y,0,"Do., 1.12.2022",Berlin+Hbf,Biberach%28Ri%C3%9F%29,8h 01min,06:30,14:31
"33,90",Sparpreis,Y,0,"Do., 1.12.2022",Berlin+Hbf,Biberach%28Ri%C3%9F%29,8h 01min,06:30,14:31
"145,00",Flexpreis,Y,0,"Do., 1.12.2022",Berlin+Hbf,Biberach%28Ri%C3%9F%29,8h 01min,06:30,14:31
"166,90",Flexpreis Plus,Y,0,"Do., 1.12.2022",Berlin+Hbf,Biberach%28Ri%C3%9F%29,8h 01min,06:30,14:31
"34,90",Super Sparpreis Young,Y,0,"Do., 1.12.2022",Berlin+Hbf,Biberach%28Ri%C3%9F%29,7h 52min,06:50,14:42
"40,90",Sparpreis Young,Y,0,"Do., 1.12.2022",Berlin+Hbf,Biberach%28Ri%C3%9F%29,7h 52min,06:50,14:42
"145,00",Flexpreis,Y,0,"Do., 1.12.2022",Berlin+Hbf,Biberach%28Ri%C3%9F%29,7h 52min,06:50,14:42
"166,90",Flexpreis Plus,Y,0,"Do., 1.12.2022",Berlin+Hbf,Biberach%28Ri%C3%9F%29,7h 52min,06:50,14:42
"28,90",Super Sparpreis Young,Y,0,"Do., 1.12.2022",Berlin+Hbf,Biberach%28Ri%C3%9F%29,6h 45min,06:55,13:40
"34,90",Sparpreis Young,Y,0,"Do., 1.12.2022",Berlin+Hbf,Biberach%28Ri%C3%9F%29,6h 45min,06:55,13:40
"143,00",Flexpreis,Y,0,"Do., 1.12.2022",Berlin+Hbf,Biberach%28Ri%C3%9F%29,6h 45min,06:55,13:40
"164,70",Flexpreis Plus,Y,0,"Do., 1.12.2022",Berlin+Hbf,Biberach%28Ri%C3%9F%29,6h 45min,06:55,13:40
"78,90",Super Sparpreis,Y,0,"Do., 1.12.2022",Berlin+Hbf,Biberach%28Ri%C3%9F%29,9h 17min,20:05,05:22
"86,90",Sparpreis,Y,0,"Do., 1.12.2022",Berlin+Hbf,Biberach%28Ri%C3%9F%29,9h 17min,20:05,05:22
"145,00",Flexpreis,Y,0,"Do., 1.12.2022",Berlin+Hbf,Biberach%28Ri%C3%9F%29,9h 17min,20:05,05:22
"166,90",Flexpreis Plus,Y,0,"Do., 1.12.2022",Berlin+Hbf,Biberach%28Ri%C3%9F%29,9h 17min,20:05,05:22
"23,90",Super Sparpreis,Y,0,"Do., 1.12.2022",Berlin+Hbf,Biberach%28Ri%C3%9F%29,10h 26min,20:41,07:07
"29,90",Sparpreis,Y,0,"Do., 1.12.2022",Berlin+Hbf,Biberach%28Ri%C3%9F%29,10h 26min,20:41,07:07
"145,00",Flexpreis,Y,0,"Do., 1.12.2022",Berlin+Hbf,Biberach%28Ri%C3%9F%29,10h 26min,20:41,07:07
"166,90",Flexpreis Plus,Y,0,"Do., 1.12.2022",Berlin+Hbf,Biberach%28Ri%C3%9F%29,10h 26min,20:41,07:07
"37,90",Super Sparpreis,Y,0,"Do., 1.12.2022",Berlin+Hbf,Biberach%28Ri%C3%9F%29,11h 36min,20:54,08:30
"43,90",Sparpreis,Y,0,"Do., 1.12.2022",Berlin+Hbf,Biberach%28Ri%C3%9F%29,11h 36min,20:54,08:30
"145,00",Flexpreis,Y,0,"Do., 1.12.2022",Berlin+Hbf,Biberach%28Ri%C3%9F%29,11h 36min,20:54,08:30
"166,90",Flexpreis Plus,Y,0,"Do., 1.12.2022",Berlin+Hbf,Biberach%28Ri%C3%9F%29,11h 36min,20:54,08:30
"44,90",Super Sparpreis,Y,0,"Do., 1.12.2022",Berlin+Hbf,Biberach%28Ri%C3%9F%29,11h 46min,20:54,08:40
"50,90",Sparpreis,Y,0,"Do., 1.12.2022",Berlin+Hbf,Biberach%28Ri%C3%9F%29,11h 46min,20:54,08:40
"145,00",Flexpreis,Y,0,"Do., 1.12.2022",Berlin+Hbf,Biberach%28Ri%C3%9F%29,11h 46min,20:54,08:40
"166,90",Flexpreis Plus,Y,0,"Do., 1.12.2022",Berlin+Hbf,Biberach%28Ri%C3%9F%29,11h 46min,20:54,08:40
"78,90",Super Sparpreis,Y,0,"Do., 1.12.2022",Berlin+Hbf,Biberach%28Ri%C3%9F%29,9h 17min,20:05,05:22
"86,90",Sparpreis,Y,0,"Do., 1.12.2022",Berlin+Hbf,Biberach%28Ri%C3%9F%29,9h 17min,20:05,05:22
"145,00",Flexpreis,Y,0,"Do., 1.12.2022",Berlin+Hbf,Biberach%28Ri%C3%9F%29,9h 17min,20:05,05:22
"166,90",Flexpreis Plus,Y,0,"Do., 1.12.2022",Berlin+Hbf,Biberach%28Ri%C3%9F%29,9h 17min,20:05,05:22
"23,90",Super Sparpreis,Y,0,"Do., 1.12.2022",Berlin+Hbf,Biberach%28Ri%C3%9F%29,10h 26min,20:41,07:07
"29,90",Sparpreis,Y,0,"Do., 1.12.2022",Berlin+Hbf,Biberach%28Ri%C3%9F%29,10h 26min,20:41,07:07
"145,00",Flexpreis,Y,0,"Do., 1.12.2022",Berlin+Hbf,Biberach%28Ri%C3%9F%29,10h 26min,20:41,07:07
"166,90",Flexpreis Plus,Y,0,"Do., 1.12.2022",Berlin+Hbf,Biberach%28Ri%C3%9F%29,10h 26min,20:41,07:07
"37,90",Super Sparpreis,Y,0,"Do., 1.12.2022",Berlin+Hbf,Biberach%28Ri%C3%9F%29,11h 36min,20:54,08:30
"43,90",Sparpreis,Y,0,"Do., 1.12.2022",Berlin+Hbf,Biberach%28Ri%C3%9F%29,11h 36min,20:54,08:30
"145,00",Flexpreis,Y,0,"Do., 1.12.2022",Berlin+Hbf,Biberach%28Ri%C3%9F%29,11h 36min,20:54,08:30
"166,90",Flexpreis Plus,Y,0,"Do., 1.12.2022",Berlin+Hbf,Biberach%28Ri%C3%9F%29,11h 36min,20:54,08:30
"44,90",Super Sparpreis,Y,0,"Do., 1.12.2022",Berlin+Hbf,Biberach%28Ri%C3%9F%29,11h 46min,20:54,08:40
"50,90",Sparpreis,Y,0,"Do., 1.12.2022",Berlin+Hbf,Biberach%28Ri%C3%9F%29,11h 46min,20:54,08:40
"145,00",Flexpreis,Y,0,"Do., 1.12.2022",Berlin+Hbf,Biberach%28Ri%C3%9F%29,11h 46min,20:54,08:40
"166,90",Flexpreis Plus,Y,0,"Do., 1.12.2022",Berlin+Hbf,Biberach%28Ri%C3%9F%29,11h 46min,20:54,08:40
"78,90",Super Sparpreis,Y,0,"Do., 1.12.2022",Berlin+Hbf,Biberach%28Ri%C3%9F%29,9h 17min,20:05,05:22
"86,90",Sparpreis,Y,0,"Do., 1.12.2022",Berlin+Hbf,Biberach%28Ri%C3%9F%29,9h 17min,20:05,05:22
"145,00",Flexpreis,Y,0,"Do., 1.12.2022",Berlin+Hbf,Biberach%28Ri%C3%9F%29,9h 17min,20:05,05:22
"166,90",Flexpreis Plus,Y,0,"Do., 1.12.2022",Berlin+Hbf,Biberach%28Ri%C3%9F%29,9h 17min,20:05,05:22
"23,90",Super Sparpreis,Y,0,"Do., 1.12.2022",Berlin+Hbf,Biberach%28Ri%C3%9F%29,10h 26min,20:41,07:07
"29,90",Sparpreis,Y,0,"Do., 1.12.2022",Berlin+Hbf,Biberach%28Ri%C3%9F%29,10h 26min,20:41,07:07
"145,00",Flexpreis,Y,0,"Do., 1.12.2022",Berlin+Hbf,Biberach%28Ri%C3%9F%29,10h 26min,20:41,07:07
"166,90",Flexpreis Plus,Y,0,"Do., 1.12.2022",Berlin+Hbf,Biberach%28Ri%C3%9F%29,10h 26min,20:41,07:07
"37,90",Super Sparpreis,Y,0,"Do., 1.12.2022",Berlin+Hbf,Biberach%28Ri%C3%9F%29,11h 36min,20:54,08:30
"43,90",Sparpreis,Y,0,"Do., 1.12.2022",Berlin+Hbf,Biberach%28Ri%C3%9F%29,11h 36min,20:54,08:30
"145,00",Flexpreis,Y,0,"Do., 1.12.2022",Berlin+Hbf,Biberach%28Ri%C3%9F%29,11h 36min,20:54,08:30
"166,90",Flexpreis Plus,Y,0,"Do., 1.12.2022",Berlin+Hbf,Biberach%28Ri%C3%9F%29,11h 36min,20:54,08:30
"44,90",Super Sparpreis,Y,0,"Do., 1.12.2022",Berlin+Hbf,Biberach%28Ri%C3%9F%29,11h 46min,20:54,08:40
"50,90",Sparpreis,Y,0,"Do., 1.12.2022",Berlin+Hbf,Biberach%28Ri%C3%9F%29,11h 46min,20:54,08:40
"145,00",Flexpreis,Y,0,"Do., 1.12.2022",Berlin+Hbf,Biberach%28Ri%C3%9F%29,11h 46min,20:54,08:40
"166,90",Flexpreis Plus,Y,0,"Do., 1.12.2022",Berlin+Hbf,Biberach%28Ri%C3%9F%29,11h 46min,20:54,08:40
"23,90",Super Sparpreis,Y,0,"Do., 1.12.2022",Berlin+Hbf,Biberach%28Ri%C3%9F%29,10h 26min,20:41,07:07
"29,90",Sparpreis,Y,0,"Do., 1.12.2022",Berlin+Hbf,Biberach%28Ri%C3%9F%29,10h 26min,20:41,07:07
"145,00",Flexpreis,Y,0,"Do., 1.12.2022",Berlin+Hbf,Biberach%28Ri%C3%9F%29,10h 26min,20:41,07:07
"166,90",Flexpreis Plus,Y,0,"Do., 1.12.2022",Berlin+Hbf,Biberach%28Ri%C3%9F%29,10h 26min,20:41,07:07
"37,90",Super Sparpreis,Y,0,"Do., 1.12.2022",Berlin+Hbf,Biberach%28Ri%C3%9F%29,11h 36min,20:54,08:30
"43,90",Sparpreis,Y,0,"Do., 1.12.2022",Berlin+Hbf,Biberach%28Ri%C3%9F%29,11h 36min,20:54,08:30
"145,00",Flexpreis,Y,0,"Do., 1.12.2022",Berlin+Hbf,Biberach%28Ri%C3%9F%29,11h 36min,20:54,08:30
"166,90",Flexpreis Plus,Y,0,"Do., 1.12.2022",Berlin+Hbf,Biberach%28Ri%C3%9F%29,11h 36min,20:54,08:30
"44,90",Super Sparpreis,Y,0,"Do., 1.12.2022",Berlin+Hbf,Biberach%28Ri%C3%9F%29,11h 46min,20:54,08:40
"50,90",Sparpreis,Y,0,"Do., 1.12.2022",Berlin+Hbf,Biberach%28Ri%C3%9F%29,11h 46min,20:54,08:40
"145,00",Flexpreis,Y,0,"Do., 1.12.2022",Berlin+Hbf,Biberach%28Ri%C3%9F%29,11h 46min,20:54,08:40
"166,90",Flexpreis Plus,Y,0,"Do., 1.12.2022",Berlin+Hbf,Biberach%28Ri%C3%9F%29,11h 46min,20:54,08:40
"44,90",Super Sparpreis,Y,0,"Do., 1.12.2022",Berlin+Hbf,Biberach%28Ri%C3%9F%29,10h 44min,21:20,08:04
"50,90",Sparpreis,Y,0,"Do., 1.12.2022",Berlin+Hbf,Biberach%28Ri%C3%9F%29,10h 44min,21:20,08:04
"145,00",Flexpreis,Y,0,"Do., 1.12.2022",Berlin+Hbf,Biberach%28Ri%C3%9F%29,10h 44min,21:20,08:04
"166,90",Flexpreis Plus,Y,0,"Do., 1.12.2022",Berlin+Hbf,Biberach%28Ri%C3%9F%29,10h 44min,21:20,08:04
"33,90",Super Sparpreis,Y,0,"Do., 1.12.2022",Berlin+Hbf,Biberach%28Ri%C3%9F%29,10h 55min,21:45,08:40
"39,90",Sparpreis,Y,0,"Do., 1.12.2022",Berlin+Hbf,Biberach%28Ri%C3%9F%29,10h 55min,21:45,08:40
"122,10",Flexpreis,Y,0,"Do., 1.12.2022",Berlin+Hbf,Biberach%28Ri%C3%9F%29,10h 55min,21:45,08:40
"141,30",Flexpreis Plus,Y,0,"Do., 1.12.2022",Berlin+Hbf,Biberach%28Ri%C3%9F%29,10h 55min,21:45,08:40
"33,90",Super Sparpreis,Y,0,"Do., 1.12.2022",Berlin+Hbf,Biberach%28Ri%C3%9F%29,11h 55min,21:45,09:40
"39,90",Sparpreis,Y,0,"Do., 1.12.2022",Berlin+Hbf,Biberach%28Ri%C3%9F%29,11h 55min,21:45,09:40
"139,30",Flexpreis,Y,0,"Do., 1.12.2022",Berlin+Hbf,Biberach%28Ri%C3%9F%29,11h 55min,21:45,09:40
"160,50",Flexpreis Plus,Y,0,"Do., 1.12.2022",Berlin+Hbf,Biberach%28Ri%C3%9F%29,11h 55min,21:45,09:40
"33,90",Super Sparpreis,Y,0,"Do., 1.12.2022",Berlin+Hbf,Biberach%28Ri%C3%9F%29,10h 55min,21:45,08:40
"39,90",Sparpreis,Y,0,"Do., 1.12.2022",Berlin+Hbf,Biberach%28Ri%C3%9F%29,10h 55min,21:45,08:40
"122,10",Flexpreis,Y,0,"Do., 1.12.2022",Berlin+Hbf,Biberach%28Ri%C3%9F%29,10h 55min,21:45,08:40
"141,30",Flexpreis Plus,Y,0,"Do., 1.12.2022",Berlin+Hbf,Biberach%28Ri%C3%9F%29,10h 55min,21:45,08:40
"33,90",Super Sparpreis,Y,0,"Do., 1.12.2022",Berlin+Hbf,Biberach%28Ri%C3%9F%29,11h 55min,21:45,09:40
"39,90",Sparpreis,Y,0,"Do., 1.12.2022",Berlin+Hbf,Biberach%28Ri%C3%9F%29,11h 55min,21:45,09:40
"139,30",Flexpreis,Y,0,"Do., 1.12.2022",Berlin+Hbf,Biberach%28Ri%C3%9F%29,11h 55min,21:45,09:40
"160,50",Flexpreis Plus,Y,0,"Do., 1.12.2022",Berlin+Hbf,Biberach%28Ri%C3%9F%29,11h 55min,21:45,09:40
"52,90",Super Sparpreis Young,Y,0,"Sa., 3.12.2022",Berlin+Hbf,Biberach%28Ri%C3%9F%29,7h 51min,04:49,12:40
"60,90",Sparpreis Young,Y,0,"Sa., 3.12.2022",Berlin+Hbf,Biberach%28Ri%C3%9F%29,7h 51min,04:49,12:40
"136,40",Flexpreis,Y,0,"Sa., 3.12.2022",Berlin+Hbf,Biberach%28Ri%C3%9F%29,7h 51min,04:49,12:40
"157,30",Flexpreis Plus,Y,0,"Sa., 3.12.2022",Berlin+Hbf,Biberach%28Ri%C3%9F%29,7h 51min,04:49,12:40
"52,90",Super Sparpreis Young,Y,0,"Sa., 3.12.2022",Berlin+Hbf,Biberach%28Ri%C3%9F%29,7h 21min,05:49,13:10
"60,90",Sparpreis Young,Y,0,"Sa., 3.12.2022",Berlin+Hbf,Biberach%28Ri%C3%9F%29,7h 21min,05:49,13:10
"134,50",Flexpreis,Y,0,"Sa., 3.12.2022",Berlin+Hbf,Biberach%28Ri%C3%9F%29,7h 21min,05:49,13:10
"155,10",Flexpreis Plus,Y,0,"Sa., 3.12.2022",Berlin+Hbf,Biberach%28Ri%C3%9F%29,7h 21min,05:49,13:10
"44,90",Super Sparpreis Young,Y,0,"Sa., 3.12.2022",Berlin+Hbf,Biberach%28Ri%C3%9F%29,8h 01min,06:30,14:31
"50,90",Sparpreis Young,Y,0,"Sa., 3.12.2022",Berlin+Hbf,Biberach%28Ri%C3%9F%29,8h 01min,06:30,14:31
"136,40",Flexpreis,Y,0,"Sa., 3.12.2022",Berlin+Hbf,Biberach%28Ri%C3%9F%29,8h 01min,06:30,14:31
"157,30",Flexpreis Plus,Y,0,"Sa., 3.12.2022",Berlin+Hbf,Biberach%28Ri%C3%9F%29,8h 01min,06:30,14:31
"52,90",Super Sparpreis Young,Y,0,"Sa., 3.12.2022",Berlin+Hbf,Biberach%28Ri%C3%9F%29,8h 01min,06:41,14:42
"60,90",Sparpreis Young,Y,0,"Sa., 3.12.2022",Berlin+Hbf,Biberach%28Ri%C3%9F%29,8h 01min,06:41,14:42
"136,40",Flexpreis,Y,0,"Sa., 3.12.2022",Berlin+Hbf,Biberach%28Ri%C3%9F%29,8h 01min,06:41,14:42
"157,30",Flexpreis Plus,Y,0,"Sa., 3.12.2022",Berlin+Hbf,Biberach%28Ri%C3%9F%29,8h 01min,06:41,14:42
"52,90",Super Sparpreis Young,Y,0,"Sa., 3.12.2022",Berlin+Hbf,Biberach%28Ri%C3%9F%29,6h 45min,06:55,13:40
"60,90",Sparpreis Young,Y,0,"Sa., 3.12.2022",Berlin+Hbf,Biberach%28Ri%C3%9F%29,6h 45min,06:55,13:40
"134,50",Flexpreis,Y,0,"Sa., 3.12.2022",Berlin+Hbf,Biberach%28Ri%C3%9F%29,6h 45min,06:55,13:40
"155,10",Flexpreis Plus,Y,0,"Sa., 3.12.2022",Berlin+Hbf,Biberach%28Ri%C3%9F%29,6h 45min,06:55,13:40
"46,90",Super Sparpreis,Y,0,"Sa., 3.12.2022",Berlin+Hbf,Biberach%28Ri%C3%9F%29,6h 16min,07:24,13:40
"52,90",Sparpreis,Y,0,"Sa., 3.12.2022",Berlin+Hbf,Biberach%28Ri%C3%9F%29,6h 16min,07:24,13:40
"104,40",Flexpreis,Y,0,"Sa., 3.12.2022",Berlin+Hbf,Biberach%28Ri%C3%9F%29,6h 16min,07:24,13:40
"121,40",Flexpreis Plus,Y,0,"Sa., 3.12.2022",Berlin+Hbf,Biberach%28Ri%C3%9F%29,6h 16min,07:24,13:40
"52,90",Super Sparpreis Young,Y,0,"Sa., 3.12.2022",Berlin+Hbf,Biberach%28Ri%C3%9F%29,7h 51min,04:49,12:40
"60,90",Sparpreis Young,Y,0,"Sa., 3.12.2022",Berlin+Hbf,Biberach%28Ri%C3%9F%29,7h 51min,04:49,12:40
"136,40",Flexpreis,Y,0,"Sa., 3.12.2022",Berlin+Hbf,Biberach%28Ri%C3%9F%29,7h 51min,04:49,12:40
"157,30",Flexpreis Plus,Y,0,"Sa., 3.12.2022",Berlin+Hbf,Biberach%28Ri%C3%9F%29,7h 51min,04:49,12:40
"52,90",Super Sparpreis Young,Y,0,"Sa., 3.12.2022",Berlin+Hbf,Biberach%28Ri%C3%9F%29,7h 21min,05:49,13:10
"60,90",Sparpreis Young,Y,0,"Sa., 3.12.2022",Berlin+Hbf,Biberach%28Ri%C3%9F%29,7h 21min,05:49,13:10
"134,50",Flexpreis,Y,0,"Sa., 3.12.2022",Berlin+Hbf,Biberach%28Ri%C3%9F%29,7h 21min,05:49,13:10
"155,10",Flexpreis Plus,Y,0,"Sa., 3.12.2022",Berlin+Hbf,Biberach%28Ri%C3%9F%29,7h 21min,05:49,13:10
"44,90",Super Sparpreis Young,Y,0,"Sa., 3.12.2022",Berlin+Hbf,Biberach%28Ri%C3%9F%29,8h 01min,06:30,14:31
"50,90",Sparpreis Young,Y,0,"Sa., 3.12.2022",Berlin+Hbf,Biberach%28Ri%C3%9F%29,8h 01min,06:30,14:31
"136,40",Flexpreis,Y,0,"Sa., 3.12.2022",Berlin+Hbf,Biberach%28Ri%C3%9F%29,8h 01min,06:30,14:31
"157,30",Flexpreis Plus,Y,0,"Sa., 3.12.2022",Berlin+Hbf,Biberach%28Ri%C3%9F%29,8h 01min,06:30,14:31
"52,90",Super Sparpreis Young,Y,0,"Sa., 3.12.2022",Berlin+Hbf,Biberach%28Ri%C3%9F%29,8h 01min,06:41,14:42
"60,90",Sparpreis Young,Y,0,"Sa., 3.12.2022",Berlin+Hbf,Biberach%28Ri%C3%9F%29,8h 01min,06:41,14:42
"136,40",Flexpreis,Y,0,"Sa., 3.12.2022",Berlin+Hbf,Biberach%28Ri%C3%9F%29,8h 01min,06:41,14:42
"157,30",Flexpreis Plus,Y,0,"Sa., 3.12.2022",Berlin+Hbf,Biberach%28Ri%C3%9F%29,8h 01min,06:41,14:42
"52,90",Super Sparpreis Young,Y,0,"Sa., 3.12.2022",Berlin+Hbf,Biberach%28Ri%C3%9F%29,6h 45min,06:55,13:40
"60,90",Sparpreis Young,Y,0,"Sa., 3.12.2022",Berlin+Hbf,Biberach%28Ri%C3%9F%29,6h 45min,06:55,13:40
"134,50",Flexpreis,Y,0,"Sa., 3.12.2022",Berlin+Hbf,Biberach%28Ri%C3%9F%29,6h 45min,06:55,13:40
"155,10",Flexpreis Plus,Y,0,"Sa., 3.12.2022",Berlin+Hbf,Biberach%28Ri%C3%9F%29,6h 45min,06:55,13:40
"46,90",Super Sparpreis,Y,0,"Sa., 3.12.2022",Berlin+Hbf,Biberach%28Ri%C3%9F%29,6h 16min,07:24,13:40
"52,90",Sparpreis,Y,0,"Sa., 3.12.2022",Berlin+Hbf,Biberach%28Ri%C3%9F%29,6h 16min,07:24,13:40
"104,40",Flexpreis,Y,0,"Sa., 3.12.2022",Berlin+Hbf,Biberach%28Ri%C3%9F%29,6h 16min,07:24,13:40
"121,40",Flexpreis Plus,Y,0,"Sa., 3.12.2022",Berlin+Hbf,Biberach%28Ri%C3%9F%29,6h 16min,07:24,13:40
"52,90",Super Sparpreis Young,Y,0,"Sa., 3.12.2022",Berlin+Hbf,Biberach%28Ri%C3%9F%29,7h 21min,05:49,13:10
"60,90",Sparpreis Young,Y,0,"Sa., 3.12.2022",Berlin+Hbf,Biberach%28Ri%C3%9F%29,7h 21min,05:49,13:10
"134,50",Flexpreis,Y,0,"Sa., 3.12.2022",Berlin+Hbf,Biberach%28Ri%C3%9F%29,7h 21min,05:49,13:10
"155,10",Flexpreis Plus,Y,0,"Sa., 3.12.2022",Berlin+Hbf,Biberach%28Ri%C3%9F%29,7h 21min,05:49,13:10
"44,90",Super Sparpreis Young,Y,0,"Sa., 3.12.2022",Berlin+Hbf,Biberach%28Ri%C3%9F%29,8h 01min,06:30,14:31
"50,90",Sparpreis Young,Y,0,"Sa., 3.12.2022",Berlin+Hbf,Biberach%28Ri%C3%9F%29,8h 01min,06:30,14:31
"136,40",Flexpreis,Y,0,"Sa., 3.12.2022",Berlin+Hbf,Biberach%28Ri%C3%9F%29,8h 01min,06:30,14:31
"157,30",Flexpreis Plus,Y,0,"Sa., 3.12.2022",Berlin+Hbf,Biberach%28Ri%C3%9F%29,8h 01min,06:30,14:31
"52,90",Super Sparpreis Young,Y,0,"Sa., 3.12.2022",Berlin+Hbf,Biberach%28Ri%C3%9F%29,8h 01min,06:41,14:42
"60,90",Sparpreis Young,Y,0,"Sa., 3.12.2022",Berlin+Hbf,Biberach%28Ri%C3%9F%29,8h 01min,06:41,14:42
"136,40",Flexpreis,Y,0,"Sa., 3.12.2022",Berlin+Hbf,Biberach%28Ri%C3%9F%29,8h 01min,06:41,14:42
"157,30",Flexpreis Plus,Y,0,"Sa., 3.12.2022",Berlin+Hbf,Biberach%28Ri%C3%9F%29,8h 01min,06:41,14:42
"52,90",Super Sparpreis Young,Y,0,"Sa., 3.12.2022",Berlin+Hbf,Biberach%28Ri%C3%9F%29,6h 45min,06:55,13:40
"60,90",Sparpreis Young,Y,0,"Sa., 3.12.2022",Berlin+Hbf,Biberach%28Ri%C3%9F%29,6h 45min,06:55,13:40
"134,50",Flexpreis,Y,0,"Sa., 3.12.2022",Berlin+Hbf,Biberach%28Ri%C3%9F%29,6h 45min,06:55,13:40
"155,10",Flexpreis Plus,Y,0,"Sa., 3.12.2022",Berlin+Hbf,Biberach%28Ri%C3%9F%29,6h 45min,06:55,13:40
"46,90",Super Sparpreis,Y,0,"Sa., 3.12.2022",Berlin+Hbf,Biberach%28Ri%C3%9F%29,6h 16min,07:24,13:40
"52,90",Sparpreis,Y,0,"Sa., 3.12.2022",Berlin+Hbf,Biberach%28Ri%C3%9F%29,6h 16min,07:24,13:40
"104,40",Flexpreis,Y,0,"Sa., 3.12.2022",Berlin+Hbf,Biberach%28Ri%C3%9F%29,6h 16min,07:24,13:40
"121,40",Flexpreis Plus,Y,0,"Sa., 3.12.2022",Berlin+Hbf,Biberach%28Ri%C3%9F%29,6h 16min,07:24,13:40
"52,90",Super Sparpreis Young,Y,0,"Sa., 3.12.2022",Berlin+Hbf,Biberach%28Ri%C3%9F%29,7h 21min,05:49,13:10
"60,90",Sparpreis Young,Y,0,"Sa., 3.12.2022",Berlin+Hbf,Biberach%28Ri%C3%9F%29,7h 21min,05:49,13:10
"134,50",Flexpreis,Y,0,"Sa., 3.12.2022",Berlin+Hbf,Biberach%28Ri%C3%9F%29,7h 21min,05:49,13:10
"155,10",Flexpreis Plus,Y,0,"Sa., 3.12.2022",Berlin+Hbf,Biberach%28Ri%C3%9F%29,7h 21min,05:49,13:10
"44,90",Super Sparpreis Young,Y,0,"Sa., 3.12.2022",Berlin+Hbf,Biberach%28Ri%C3%9F%29,8h 01min,06:30,14:31
"50,90",Sparpreis Young,Y,0,"Sa., 3.12.2022",Berlin+Hbf,Biberach%28Ri%C3%9F%29,8h 01min,06:30,14:31
"136,40",Flexpreis,Y,0,"Sa., 3.12.2022",Berlin+Hbf,Biberach%28Ri%C3%9F%29,8h 01min,06:30,14:31
"157,30",Flexpreis Plus,Y,0,"Sa., 3.12.2022",Berlin+Hbf,Biberach%28Ri%C3%9F%29,8h 01min,06:30,14:31
"52,90",Super Sparpreis Young,Y,0,"Sa., 3.12.2022",Berlin+Hbf,Biberach%28Ri%C3%9F%29,8h 01min,06:41,14:42
"60,90",Sparpreis Young,Y,0,"Sa., 3.12.2022",Berlin+Hbf,Biberach%28Ri%C3%9F%29,8h 01min,06:41,14:42
"136,40",Flexpreis,Y,0,"Sa., 3.12.2022",Berlin+Hbf,Biberach%28Ri%C3%9F%29,8h 01min,06:41,14:42
"157,30",Flexpreis Plus,Y,0,"Sa., 3.12.2022",Berlin+Hbf,Biberach%28Ri%C3%9F%29,8h 01min,06:41,14:42
"52,90",Super Sparpreis Young,Y,0,"Sa., 3.12.2022",Berlin+Hbf,Biberach%28Ri%C3%9F%29,6h 45min,06:55,13:40
"60,90",Sparpreis Young,Y,0,"Sa., 3.12.2022",Berlin+Hbf,Biberach%28Ri%C3%9F%29,6h 45min,06:55,13:40
"134,50",Flexpreis,Y,0,"Sa., 3.12.2022",Berlin+Hbf,Biberach%28Ri%C3%9F%29,6h 45min,06:55,13:40
"155,10",Flexpreis Plus,Y,0,"Sa., 3.12.2022",Berlin+Hbf,Biberach%28Ri%C3%9F%29,6h 45min,06:55,13:40
"46,90",Super Sparpreis,Y,0,"Sa., 3.12.2022",Berlin+Hbf,Biberach%28Ri%C3%9F%29,6h 16min,07:24,13:40
"52,90",Sparpreis,Y,0,"Sa., 3.12.2022",Berlin+Hbf,Biberach%28Ri%C3%9F%29,6h 16min,07:24,13:40
"104,40",Flexpreis,Y,0,"Sa., 3.12.2022",Berlin+Hbf,Biberach%28Ri%C3%9F%29,6h 16min,07:24,13:40
"121,40",Flexpreis Plus,Y,0,"Sa., 3.12.2022",Berlin+Hbf,Biberach%28Ri%C3%9F%29,6h 16min,07:24,13:40
"44,90",Super Sparpreis Young,Y,0,"Sa., 3.12.2022",Berlin+Hbf,Biberach%28Ri%C3%9F%29,8h 01min,06:30,14:31
"50,90",Sparpreis Young,Y,0,"Sa., 3.12.2022",Berlin+Hbf,Biberach%28Ri%C3%9F%29,8h 01min,06:30,14:31
"136,40",Flexpreis,Y,0,"Sa., 3.12.2022",Berlin+Hbf,Biberach%28Ri%C3%9F%29,8h 01min,06:30,14:31
"157,30",Flexpreis Plus,Y,0,"Sa., 3.12.2022",Berlin+Hbf,Biberach%28Ri%C3%9F%29,8h 01min,06:30,14:31
"52,90",Super Sparpreis Young,Y,0,"Sa., 3.12.2022",Berlin+Hbf,Biberach%28Ri%C3%9F%29,8h 01min,06:41,14:42
"60,90",Sparpreis Young,Y,0,"Sa., 3.12.2022",Berlin+Hbf,Biberach%28Ri%C3%9F%29,8h 01min,06:41,14:42
"136,40",Flexpreis,Y,0,"Sa., 3.12.2022",Berlin+Hbf,Biberach%28Ri%C3%9F%29,8h 01min,06:41,14:42
"157,30",Flexpreis Plus,Y,0,"Sa., 3.12.2022",Berlin+Hbf,Biberach%28Ri%C3%9F%29,8h 01min,06:41,14:42
"52,90",Super Sparpreis Young,Y,0,"Sa., 3.12.2022",Berlin+Hbf,Biberach%28Ri%C3%9F%29,6h 45min,06:55,13:40
"60,90",Sparpreis Young,Y,0,"Sa., 3.12.2022",Berlin+Hbf,Biberach%28Ri%C3%9F%29,6h 45min,06:55,13:40
"134,50",Flexpreis,Y,0,"Sa., 3.12.2022",Berlin+Hbf,Biberach%28Ri%C3%9F%29,6h 45min,06:55,13:40
"155,10",Flexpreis Plus,Y,0,"Sa., 3.12.2022",Berlin+Hbf,Biberach%28Ri%C3%9F%29,6h 45min,06:55,13:40
"46,90",Super Sparpreis,Y,0,"Sa., 3.12.2022",Berlin+Hbf,Biberach%28Ri%C3%9F%29,6h 16min,07:24,13:40
"52,90",Sparpreis,Y,0,"Sa., 3.12.2022",Berlin+Hbf,Biberach%28Ri%C3%9F%29,6h 16min,07:24,13:40
"104,40",Flexpreis,Y,0,"Sa., 3.12.2022",Berlin+Hbf,Biberach%28Ri%C3%9F%29,6h 16min,07:24,13:40
"121,40",Flexpreis Plus,Y,0,"Sa., 3.12.2022",Berlin+Hbf,Biberach%28Ri%C3%9F%29,6h 16min,07:24,13:40
"44,90",Super Sparpreis Young,Y,0,"Sa., 3.12.2022",Berlin+Hbf,Biberach%28Ri%C3%9F%29,8h 01min,06:30,14:31
"50,90",Sparpreis Young,Y,0,"Sa., 3.12.2022",Berlin+Hbf,Biberach%28Ri%C3%9F%29,8h 01min,06:30,14:31
"136,40",Flexpreis,Y,0,"Sa., 3.12.2022",Berlin+Hbf,Biberach%28Ri%C3%9F%29,8h 01min,06:30,14:31
"157,30",Flexpreis Plus,Y,0,"Sa., 3.12.2022",Berlin+Hbf,Biberach%28Ri%C3%9F%29,8h 01min,06:30,14:31
"52,90",Super Sparpreis Young,Y,0,"Sa., 3.12.2022",Berlin+Hbf,Biberach%28Ri%C3%9F%29,8h 01min,06:41,14:42
"60,90",Sparpreis Young,Y,0,"Sa., 3.12.2022",Berlin+Hbf,Biberach%28Ri%C3%9F%29,8h 01min,06:41,14:42
"136,40",Flexpreis,Y,0,"Sa., 3.12.2022",Berlin+Hbf,Biberach%28Ri%C3%9F%29,8h 01min,06:41,14:42
"157,30",Flexpreis Plus,Y,0,"Sa., 3.12.2022",Berlin+Hbf,Biberach%28Ri%C3%9F%29,8h 01min,06:41,14:42
"52,90",Super Sparpreis Young,Y,0,"Sa., 3.12.2022",Berlin+Hbf,Biberach%28Ri%C3%9F%29,6h 45min,06:55,13:40
"60,90",Sparpreis Young,Y,0,"Sa., 3.12.2022",Berlin+Hbf,Biberach%28Ri%C3%9F%29,6h 45min,06:55,13:40
"134,50",Flexpreis,Y,0,"Sa., 3.12.2022",Berlin+Hbf,Biberach%28Ri%C3%9F%29,6h 45min,06:55,13:40
"155,10",Flexpreis Plus,Y,0,"Sa., 3.12.2022",Berlin+Hbf,Biberach%28Ri%C3%9F%29,6h 45min,06:55,13:40
"46,90",Super Sparpreis,Y,0,"Sa., 3.12.2022",Berlin+Hbf,Biberach%28Ri%C3%9F%29,6h 16min,07:24,13:40
"52,90",Sparpreis,Y,0,"Sa., 3.12.2022",Berlin+Hbf,Biberach%28Ri%C3%9F%29,6h 16min,07:24,13:40
"104,40",Flexpreis,Y,0,"Sa., 3.12.2022",Berlin+Hbf,Biberach%28Ri%C3%9F%29,6h 16min,07:24,13:40
"121,40",Flexpreis Plus,Y,0,"Sa., 3.12.2022",Berlin+Hbf,Biberach%28Ri%C3%9F%29,6h 16min,07:24,13:40
"46,90",Super Sparpreis Young,Y,0,"So., 4.12.2022",Berlin+Hbf,Biberach%28Ri%C3%9F%29,8h 01min,06:30,14:31
"52,90",Sparpreis Young,Y,0,"So., 4.12.2022",Berlin+Hbf,Biberach%28Ri%C3%9F%29,8h 01min,06:30,14:31
"163,70",Flexpreis,Y,0,"So., 4.12.2022",Berlin+Hbf,Biberach%28Ri%C3%9F%29,8h 01min,06:30,14:31
"187,80",Flexpreis Plus,Y,0,"So., 4.12.2022",Berlin+Hbf,Biberach%28Ri%C3%9F%29,8h 01min,06:30,14:31
"54,90",Super Sparpreis Young,Y,0,"So., 4.12.2022",Berlin+Hbf,Biberach%28Ri%C3%9F%29,8h 01min,06:41,14:42
"62,90",Sparpreis Young,Y,0,"So., 4.12.2022",Berlin+Hbf,Biberach%28Ri%C3%9F%29,8h 01min,06:41,14:42
"163,70",Flexpreis,Y,0,"So., 4.12.2022",Berlin+Hbf,Biberach%28Ri%C3%9F%29,8h 01min,06:41,14:42
"187,80",Flexpreis Plus,Y,0,"So., 4.12.2022",Berlin+Hbf,Biberach%28Ri%C3%9F%29,8h 01min,06:41,14:42
"54,90",Super Sparpreis Young,Y,0,"So., 4.12.2022",Berlin+Hbf,Biberach%28Ri%C3%9F%29,6h 45min,06:55,13:40
"62,90",Sparpreis Young,Y,0,"So., 4.12.2022",Berlin+Hbf,Biberach%28Ri%C3%9F%29,6h 45min,06:55,13:40
"161,40",Flexpreis,Y,0,"So., 4.12.2022",Berlin+Hbf,Biberach%28Ri%C3%9F%29,6h 45min,06:55,13:40
"185,30",Flexpreis Plus,Y,0,"So., 4.12.2022",Berlin+Hbf,Biberach%28Ri%C3%9F%29,6h 45min,06:55,13:40
"52,90",Super Sparpreis Young,Y,0,"So., 4.12.2022",Berlin+Hbf,Biberach%28Ri%C3%9F%29,6h 16min,07:24,13:40
"60,90",Sparpreis Young,Y,0,"So., 4.12.2022",Berlin+Hbf,Biberach%28Ri%C3%9F%29,6h 16min,07:24,13:40
"125,30",Flexpreis,Y,0,"So., 4.12.2022",Berlin+Hbf,Biberach%28Ri%C3%9F%29,6h 16min,07:24,13:40
"144,80",Flexpreis Plus,Y,0,"So., 4.12.2022",Berlin+Hbf,Biberach%28Ri%C3%9F%29,6h 16min,07:24,13:40
"52,90",Super Sparpreis Young,Y,0,"So., 4.12.2022",Berlin+Hbf,Biberach%28Ri%C3%9F%29,6h 16min,07:24,13:40
"60,90",Sparpreis Young,Y,0,"So., 4.12.2022",Berlin+Hbf,Biberach%28Ri%C3%9F%29,6h 16min,07:24,13:40
"125,30",Flexpreis,Y,0,"So., 4.12.2022",Berlin+Hbf,Biberach%28Ri%C3%9F%29,6h 16min,07:24,13:40
"144,80",Flexpreis Plus,Y,0,"So., 4.12.2022",Berlin+Hbf,Biberach%28Ri%C3%9F%29,6h 16min,07:24,13:40
"54,90",Super Sparpreis Young,Y,0,"So., 4.12.2022",Berlin+Hbf,Biberach%28Ri%C3%9F%29,8h 16min,07:24,15:40
"62,90",Sparpreis Young,Y,0,"So., 4.12.2022",Berlin+Hbf,Biberach%28Ri%C3%9F%29,8h 16min,07:24,15:40
"163,70",Flexpreis,Y,0,"So., 4.12.2022",Berlin+Hbf,Biberach%28Ri%C3%9F%29,8h 16min,07:24,15:40
"187,80",Flexpreis Plus,Y,0,"So., 4.12.2022",Berlin+Hbf,Biberach%28Ri%C3%9F%29,8h 16min,07:24,15:40
"54,90",Super Sparpreis Young,Y,0,"So., 4.12.2022",Berlin+Hbf,Biberach%28Ri%C3%9F%29,7h 09min,07:33,14:42
"62,90",Sparpreis Young,Y,0,"So., 4.12.2022",Berlin+Hbf,Biberach%28Ri%C3%9F%29,7h 09min,07:33,14:42
"163,70",Flexpreis,Y,0,"So., 4.12.2022",Berlin+Hbf,Biberach%28Ri%C3%9F%29,7h 09min,07:33,14:42
"187,80",Flexpreis Plus,Y,0,"So., 4.12.2022",Berlin+Hbf,Biberach%28Ri%C3%9F%29,7h 09min,07:33,14:42
"54,90",Super Sparpreis Young,Y,0,"So., 4.12.2022",Berlin+Hbf,Biberach%28Ri%C3%9F%29,7h 18min,07:50,15:08
"62,90",Sparpreis Young,Y,0,"So., 4.12.2022",Berlin+Hbf,Biberach%28Ri%C3%9F%29,7h 18min,07:50,15:08
"161,40",Flexpreis,Y,0,"So., 4.12.2022",Berlin+Hbf,Biberach%28Ri%C3%9F%29,7h 18min,07:50,15:08
"185,30",Flexpreis Plus,Y,0,"So., 4.12.2022",Berlin+Hbf,Biberach%28Ri%C3%9F%29,7h 18min,07:50,15:08
"94,90",Super Sparpreis,Y,0,"So., 4.12.2022",Berlin+Hbf,Biberach%28Ri%C3%9F%29,7h 10min,08:30,15:40
"102,90",Sparpreis,Y,0,"So., 4.12.2022",Berlin+Hbf,Biberach%28Ri%C3%9F%29,7h 10min,08:30,15:40
"163,70",Flexpreis,Y,0,"So., 4.12.2022",Berlin+Hbf,Biberach%28Ri%C3%9F%29,7h 10min,08:30,15:40
"187,80",Flexpreis Plus,Y,0,"So., 4.12.2022",Berlin+Hbf,Biberach%28Ri%C3%9F%29,7h 10min,08:30,15:40
"94,90",Super Sparpreis,Y,0,"So., 4.12.2022",Berlin+Hbf,Biberach%28Ri%C3%9F%29,7h 10min,08:30,15:40
"102,90",Sparpreis,Y,0,"So., 4.12.2022",Berlin+Hbf,Biberach%28Ri%C3%9F%29,7h 10min,08:30,15:40
"163,70",Flexpreis,Y,0,"So., 4.12.2022",Berlin+Hbf,Biberach%28Ri%C3%9F%29,7h 10min,08:30,15:40
"187,80",Flexpreis Plus,Y,0,"So., 4.12.2022",Berlin+Hbf,Biberach%28Ri%C3%9F%29,7h 10min,08:30,15:40
"78,90",Super Sparpreis,Y,0,"So., 4.12.2022",Berlin+Hbf,Biberach%28Ri%C3%9F%29,7h 51min,08:49,16:40
"86,90",Sparpreis,Y,0,"So., 4.12.2022",Berlin+Hbf,Biberach%28Ri%C3%9F%29,7h 51min,08:49,16:40
"163,70",Flexpreis,Y,0,"So., 4.12.2022",Berlin+Hbf,Biberach%28Ri%C3%9F%29,7h 51min,08:49,16:40
"187,80",Flexpreis Plus,Y,0,"So., 4.12.2022",Berlin+Hbf,Biberach%28Ri%C3%9F%29,7h 51min,08:49,16:40
"54,90",Super Sparpreis Young,Y,0,"So., 4.12.2022",Berlin+Hbf,Biberach%28Ri%C3%9F%29,7h 11min,09:29,16:40
"62,90",Sparpreis Young,Y,0,"So., 4.12.2022",Berlin+Hbf,Biberach%28Ri%C3%9F%29,7h 11min,09:29,16:40
"161,40",Flexpreis,Y,0,"So., 4.12.2022",Berlin+Hbf,Biberach%28Ri%C3%9F%29,7h 11min,09:29,16:40
"185,30",Flexpreis Plus,Y,0,"So., 4.12.2022",Berlin+Hbf,Biberach%28Ri%C3%9F%29,7h 11min,09:29,16:40
"94,90",Super Sparpreis,Y,0,"So., 4.12.2022",Berlin+Hbf,Biberach%28Ri%C3%9F%29,7h 10min,08:30,15:40
"102,90",Sparpreis,Y,0,"So., 4.12.2022",Berlin+Hbf,Biberach%28Ri%C3%9F%29,7h 10min,08:30,15:40
"163,70",Flexpreis,Y,0,"So., 4.12.2022",Berlin+Hbf,Biberach%28Ri%C3%9F%29,7h 10min,08:30,15:40
"187,80",Flexpreis Plus,Y,0,"So., 4.12.2022",Berlin+Hbf,Biberach%28Ri%C3%9F%29,7h 10min,08:30,15:40
"78,90",Super Sparpreis,Y,0,"So., 4.12.2022",Berlin+Hbf,Biberach%28Ri%C3%9F%29,7h 51min,08:49,16:40
"86,90",Sparpreis,Y,0,"So., 4.12.2022",Berlin+Hbf,Biberach%28Ri%C3%9F%29,7h 51min,08:49,16:40
"163,70",Flexpreis,Y,0,"So., 4.12.2022",Berlin+Hbf,Biberach%28Ri%C3%9F%29,7h 51min,08:49,16:40
"187,80",Flexpreis Plus,Y,0,"So., 4.12.2022",Berlin+Hbf,Biberach%28Ri%C3%9F%29,7h 51min,08:49,16:40
"54,90",Super Sparpreis Young,Y,0,"So., 4.12.2022",Berlin+Hbf,Biberach%28Ri%C3%9F%29,7h 11min,09:29,16:40
"62,90",Sparpreis Young,Y,0,"So., 4.12.2022",Berlin+Hbf,Biberach%28Ri%C3%9F%29,7h 11min,09:29,16:40
"161,40",Flexpreis,Y,0,"So., 4.12.2022",Berlin+Hbf,Biberach%28Ri%C3%9F%29,7h 11min,09:29,16:40
"185,30",Flexpreis Plus,Y,0,"So., 4.12.2022",Berlin+Hbf,Biberach%28Ri%C3%9F%29,7h 11min,09:29,16:40
"54,90",Super Sparpreis Young,Y,0,"So., 4.12.2022",Berlin+Hbf,Biberach%28Ri%C3%9F%29,7h 11min,09:29,16:40
"62,90",Sparpreis Young,Y,0,"So., 4.12.2022",Berlin+Hbf,Biberach%28Ri%C3%9F%29,7h 11min,09:29,16:40
"161,40",Flexpreis,Y,0,"So., 4.12.2022",Berlin+Hbf,Biberach%28Ri%C3%9F%29,7h 11min,09:29,16:40
"185,30",Flexpreis Plus,Y,0,"So., 4.12.2022",Berlin+Hbf,Biberach%28Ri%C3%9F%29,7h 11min,09:29,16:40
"88,90",Super Sparpreis,Y,0,"So., 4.12.2022",Berlin+Hbf,Biberach%28Ri%C3%9F%29,7h 19min,09:49,17:08
"96,90",Sparpreis,Y,0,"So., 4.12.2022",Berlin+Hbf,Biberach%28Ri%C3%9F%29,7h 19min,09:49,17:08
"161,40",Flexpreis,Y,0,"So., 4.12.2022",Berlin+Hbf,Biberach%28Ri%C3%9F%29,7h 19min,09:49,17:08
"185,30",Flexpreis Plus,Y,0,"So., 4.12.2022",Berlin+Hbf,Biberach%28Ri%C3%9F%29,7h 19min,09:49,17:08
"108,90",Super Sparpreis,Y,0,"So., 4.12.2022",Berlin+Hbf,Biberach%28Ri%C3%9F%29,7h 55min,10:45,18:40
"118,90",Sparpreis,Y,0,"So., 4.12.2022",Berlin+Hbf,Biberach%28Ri%C3%9F%29,7h 55min,10:45,18:40
"163,70",Flexpreis,Y,0,"So., 4.12.2022",Berlin+Hbf,Biberach%28Ri%C3%9F%29,7h 55min,10:45,18:40
"187,80",Flexpreis Plus,Y,0,"So., 4.12.2022",Berlin+Hbf,Biberach%28Ri%C3%9F%29,7h 55min,10:45,18:40
"108,90",Super Sparpreis,Y,0,"So., 4.12.2022",Berlin+Hbf,Biberach%28Ri%C3%9F%29,6h 49min,10:51,17:40
"118,90",Sparpreis,Y,0,"So., 4.12.2022",Berlin+Hbf,Biberach%28Ri%C3%9F%29,6h 49min,10:51,17:40
"161,40",Flexpreis,Y,0,"So., 4.12.2022",Berlin+Hbf,Biberach%28Ri%C3%9F%29,6h 49min,10:51,17:40
"185,30",Flexpreis Plus,Y,0,"So., 4.12.2022",Berlin+Hbf,Biberach%28Ri%C3%9F%29,6h 49min,10:51,17:40
"84,90",Super Sparpreis,Y,0,"So., 4.12.2022",Berlin+Hbf,Biberach%28Ri%C3%9F%29,6h 16min,11:24,17:40
"92,90",Sparpreis,Y,0,"So., 4.12.2022",Berlin+Hbf,Biberach%28Ri%C3%9F%29,6h 16min,11:24,17:40
"125,30",Flexpreis,Y,0,"So., 4.12.2022",Berlin+Hbf,Biberach%28Ri%C3%9F%29,6h 16min,11:24,17:40
"144,80",Flexpreis Plus,Y,0,"So., 4.12.2022",Berlin+Hbf,Biberach%28Ri%C3%9F%29,6h 16min,11:24,17:40
"84,90",Super Sparpreis,Y,0,"So., 4.12.2022",Berlin+Hbf,Biberach%28Ri%C3%9F%29,7h 16min,11:24,18:40
"92,90",Sparpreis,Y,0,"So., 4.12.2022",Berlin+Hbf,Biberach%28Ri%C3%9F%29,7h 16min,11:24,18:40
"122,10",Flexpreis,Y,0,"So., 4.12.2022",Berlin+Hbf,Biberach%28Ri%C3%9F%29,7h 16min,11:24,18:40
"141,30",Flexpreis Plus,Y,0,"So., 4.12.2022",Berlin+Hbf,Biberach%28Ri%C3%9F%29,7h 16min,11:24,18:40
"28,90",Super Sparpreis Young,Y,0,"Mo., 5.12.2022",Berlin+Hbf,Biberach%28Ri%C3%9F%29,6h 29min,17:36,00:05
"34,90",Sparpreis Young,Y,0,"Mo., 5.12.2022",Berlin+Hbf,Biberach%28Ri%C3%9F%29,6h 29min,17:36,00:05
"140,20",Flexpreis,Y,0,"Mo., 5.12.2022",Berlin+Hbf,Biberach%28Ri%C3%9F%29,6h 29min,17:36,00:05
"161,50",Flexpreis Plus,Y,0,"Mo., 5.12.2022",Berlin+Hbf,Biberach%28Ri%C3%9F%29,6h 29min,17:36,00:05
"28,90",Super Sparpreis Young,Y,0,"Mo., 5.12.2022",Berlin+Hbf,Biberach%28Ri%C3%9F%29,10h 48min,18:30,05:18
"34,90",Sparpreis Young,Y,0,"Mo., 5.12.2022",Berlin+Hbf,Biberach%28Ri%C3%9F%29,10h 48min,18:30,05:18
"142,20",Flexpreis,Y,0,"Mo., 5.12.2022",Berlin+Hbf,Biberach%28Ri%C3%9F%29,10h 48min,18:30,05:18
"163,80",Flexpreis Plus,Y,0,"Mo., 5.12.2022",Berlin+Hbf,Biberach%28Ri%C3%9F%29,10h 48min,18:30,05:18
"46,90",Super Sparpreis Young,Y,0,"Mo., 5.12.2022",Berlin+Hbf,Biberach%28Ri%C3%9F%29,9h 17min,20:05,05:22
"52,90",Sparpreis Young,Y,0,"Mo., 5.12.2022",Berlin+Hbf,Biberach%28Ri%C3%9F%29,9h 17min,20:05,05:22
"142,20",Flexpreis,Y,0,"Mo., 5.12.2022",Berlin+Hbf,Biberach%28Ri%C3%9F%29,9h 17min,20:05,05:22
"163,80",Flexpreis Plus,Y,0,"Mo., 5.12.2022",Berlin+Hbf,Biberach%28Ri%C3%9F%29,9h 17min,20:05,05:22
"28,90",Super Sparpreis Young,Y,0,"Mo., 5.12.2022",Berlin+Hbf,Biberach%28Ri%C3%9F%29,6h 29min,17:36,00:05
"34,90",Sparpreis Young,Y,0,"Mo., 5.12.2022",Berlin+Hbf,Biberach%28Ri%C3%9F%29,6h 29min,17:36,00:05
"140,20",Flexpreis,Y,0,"Mo., 5.12.2022",Berlin+Hbf,Biberach%28Ri%C3%9F%29,6h 29min,17:36,00:05
"161,50",Flexpreis Plus,Y,0,"Mo., 5.12.2022",Berlin+Hbf,Biberach%28Ri%C3%9F%29,6h 29min,17:36,00:05
"28,90",Super Sparpreis Young,Y,0,"Mo., 5.12.2022",Berlin+Hbf,Biberach%28Ri%C3%9F%29,10h 48min,18:30,05:18
"34,90",Sparpreis Young,Y,0,"Mo., 5.12.2022",Berlin+Hbf,Biberach%28Ri%C3%9F%29,10h 48min,18:30,05:18
"142,20",Flexpreis,Y,0,"Mo., 5.12.2022",Berlin+Hbf,Biberach%28Ri%C3%9F%29,10h 48min,18:30,05:18
"163,80",Flexpreis Plus,Y,0,"Mo., 5.12.2022",Berlin+Hbf,Biberach%28Ri%C3%9F%29,10h 48min,18:30,05:18
"46,90",Super Sparpreis Young,Y,0,"Mo., 5.12.2022",Berlin+Hbf,Biberach%28Ri%C3%9F%29,9h 17min,20:05,05:22
"52,90",Sparpreis Young,Y,0,"Mo., 5.12.2022",Berlin+Hbf,Biberach%28Ri%C3%9F%29,9h 17min,20:05,05:22
"142,20",Flexpreis,Y,0,"Mo., 5.12.2022",Berlin+Hbf,Biberach%28Ri%C3%9F%29,9h 17min,20:05,05:22
"163,80",Flexpreis Plus,Y,0,"Mo., 5.12.2022",Berlin+Hbf,Biberach%28Ri%C3%9F%29,9h 17min,20:05,05:22
"28,90",Super Sparpreis Young,Y,0,"Mo., 5.12.2022",Berlin+Hbf,Biberach%28Ri%C3%9F%29,10h 48min,18:30,05:18
"34,90",Sparpreis Young,Y,0,"Mo., 5.12.2022",Berlin+Hbf,Biberach%28Ri%C3%9F%29,10h 48min,18:30,05:18
"142,20",Flexpreis,Y,0,"Mo., 5.12.2022",Berlin+Hbf,Biberach%28Ri%C3%9F%29,10h 48min,18:30,05:18
"163,80",Flexpreis Plus,Y,0,"Mo., 5.12.2022",Berlin+Hbf,Biberach%28Ri%C3%9F%29,10h 48min,18:30,05:18
"46,90",Super Sparpreis Young,Y,0,"Mo., 5.12.2022",Berlin+Hbf,Biberach%28Ri%C3%9F%29,9h 17min,20:05,05:22
"52,90",Sparpreis Young,Y,0,"Mo., 5.12.2022",Berlin+Hbf,Biberach%28Ri%C3%9F%29,9h 17min,20:05,05:22
"142,20",Flexpreis,Y,0,"Mo., 5.12.2022",Berlin+Hbf,Biberach%28Ri%C3%9F%29,9h 17min,20:05,05:22
"163,80",Flexpreis Plus,Y,0,"Mo., 5.12.2022",Berlin+Hbf,Biberach%28Ri%C3%9F%29,9h 17min,20:05,05:22
"23,90",Super Sparpreis,Y,0,"Mo., 5.12.2022",Berlin+Hbf,Biberach%28Ri%C3%9F%29,9h 39min,21:28,07:07
"29,90",Sparpreis,Y,0,"Mo., 5.12.2022",Berlin+Hbf,Biberach%28Ri%C3%9F%29,9h 39min,21:28,07:07
"142,20",Flexpreis,Y,0,"Mo., 5.12.2022",Berlin+Hbf,Biberach%28Ri%C3%9F%29,9h 39min,21:28,07:07
"163,80",Flexpreis Plus,Y,0,"Mo., 5.12.2022",Berlin+Hbf,Biberach%28Ri%C3%9F%29,9h 39min,21:28,07:07
"28,90",Super Sparpreis Young,Y,0,"Mo., 5.12.2022",Berlin+Hbf,Biberach%28Ri%C3%9F%29,10h 48min,18:30,05:18
"34,90",Sparpreis Young,Y,0,"Mo., 5.12.2022",Berlin+Hbf,Biberach%28Ri%C3%9F%29,10h 48min,18:30,05:18
"142,20",Flexpreis,Y,0,"Mo., 5.12.2022",Berlin+Hbf,Biberach%28Ri%C3%9F%29,10h 48min,18:30,05:18
"163,80",Flexpreis Plus,Y,0,"Mo., 5.12.2022",Berlin+Hbf,Biberach%28Ri%C3%9F%29,10h 48min,18:30,05:18
"46,90",Super Sparpreis Young,Y,0,"Mo., 5.12.2022",Berlin+Hbf,Biberach%28Ri%C3%9F%29,9h 17min,20:05,05:22
"52,90",Sparpreis Young,Y,0,"Mo., 5.12.2022",Berlin+Hbf,Biberach%28Ri%C3%9F%29,9h 17min,20:05,05:22
"142,20",Flexpreis,Y,0,"Mo., 5.12.2022",Berlin+Hbf,Biberach%28Ri%C3%9F%29,9h 17min,20:05,05:22
"163,80",Flexpreis Plus,Y,0,"Mo., 5.12.2022",Berlin+Hbf,Biberach%28Ri%C3%9F%29,9h 17min,20:05,05:22
"23,90",Super Sparpreis,Y,0,"Mo., 5.12.2022",Berlin+Hbf,Biberach%28Ri%C3%9F%29,9h 39min,21:28,07:07
"29,90",Sparpreis,Y,0,"Mo., 5.12.2022",Berlin+Hbf,Biberach%28Ri%C3%9F%29,9h 39min,21:28,07:07
"142,20",Flexpreis,Y,0,"Mo., 5.12.2022",Berlin+Hbf,Biberach%28Ri%C3%9F%29,9h 39min,21:28,07:07
"163,80",Flexpreis Plus,Y,0,"Mo., 5.12.2022",Berlin+Hbf,Biberach%28Ri%C3%9F%29,9h 39min,21:28,07:07
"46,90",Super Sparpreis Young,Y,0,"Mo., 5.12.2022",Berlin+Hbf,Biberach%28Ri%C3%9F%29,9h 17min,20:05,05:22
"52,90",Sparpreis Young,Y,0,"Mo., 5.12.2022",Berlin+Hbf,Biberach%28Ri%C3%9F%29,9h 17min,20:05,05:22
"142,20",Flexpreis,Y,0,"Mo., 5.12.2022",Berlin+Hbf,Biberach%28Ri%C3%9F%29,9h 17min,20:05,05:22
"163,80",Flexpreis Plus,Y,0,"Mo., 5.12.2022",Berlin+Hbf,Biberach%28Ri%C3%9F%29,9h 17min,20:05,05:22
"23,90",Super Sparpreis,Y,0,"Mo., 5.12.2022",Berlin+Hbf,Biberach%28Ri%C3%9F%29,9h 39min,21:28,07:07
"29,90",Sparpreis,Y,0,"Mo., 5.12.2022",Berlin+Hbf,Biberach%28Ri%C3%9F%29,9h 39min,21:28,07:07
"142,20",Flexpreis,Y,0,"Mo., 5.12.2022",Berlin+Hbf,Biberach%28Ri%C3%9F%29,9h 39min,21:28,07:07
"163,80",Flexpreis Plus,Y,0,"Mo., 5.12.2022",Berlin+Hbf,Biberach%28Ri%C3%9F%29,9h 39min,21:28,07:07
"23,90",Super Sparpreis,Y,0,"Mo., 5.12.2022",Berlin+Hbf,Biberach%28Ri%C3%9F%29,10h 11min,22:29,08:40
"29,90",Sparpreis,Y,0,"Mo., 5.12.2022",Berlin+Hbf,Biberach%28Ri%C3%9F%29,10h 11min,22:29,08:40
"119,70",Flexpreis,Y,0,"Mo., 5.12.2022",Berlin+Hbf,Biberach%28Ri%C3%9F%29,10h 11min,22:29,08:40
"138,60",Flexpreis Plus,Y,0,"Mo., 5.12.2022",Berlin+Hbf,Biberach%28Ri%C3%9F%29,10h 11min,22:29,08:40
"23,90",Super Sparpreis,Y,0,"Mo., 5.12.2022",Berlin+Hbf,Biberach%28Ri%C3%9F%29,11h 11min,22:29,09:40
"29,90",Sparpreis,Y,0,"Mo., 5.12.2022",Berlin+Hbf,Biberach%28Ri%C3%9F%29,11h 11min,22:29,09:40
"136,50",Flexpreis,Y,0,"Mo., 5.12.2022",Berlin+Hbf,Biberach%28Ri%C3%9F%29,11h 11min,22:29,09:40
"157,40",Flexpreis Plus,Y,0,"Mo., 5.12.2022",Berlin+Hbf,Biberach%28Ri%C3%9F%29,11h 11min,22:29,09:40
"46,90",Super Sparpreis Young,Y,0,"Mo., 5.12.2022",Berlin+Hbf,Biberach%28Ri%C3%9F%29,9h 17min,20:05,05:22
"52,90",Sparpreis Young,Y,0,"Mo., 5.12.2022",Berlin+Hbf,Biberach%28Ri%C3%9F%29,9h 17min,20:05,05:22
"142,20",Flexpreis,Y,0,"Mo., 5.12.2022",Berlin+Hbf,Biberach%28Ri%C3%9F%29,9h 17min,20:05,05:22
"163,80",Flexpreis Plus,Y,0,"Mo., 5.12.2022",Berlin+Hbf,Biberach%28Ri%C3%9F%29,9h 17min,20:05,05:22
"23,90",Super Sparpreis,Y,0,"Mo., 5.12.2022",Berlin+Hbf,Biberach%28Ri%C3%9F%29,9h 39min,21:28,07:07
"29,90",Sparpreis,Y,0,"Mo., 5.12.2022",Berlin+Hbf,Biberach%28Ri%C3%9F%29,9h 39min,21:28,07:07
"142,20",Flexpreis,Y,0,"Mo., 5.12.2022",Berlin+Hbf,Biberach%28Ri%C3%9F%29,9h 39min,21:28,07:07
"163,80",Flexpreis Plus,Y,0,"Mo., 5.12.2022",Berlin+Hbf,Biberach%28Ri%C3%9F%29,9h 39min,21:28,07:07
"23,90",Super Sparpreis,Y,0,"Mo., 5.12.2022",Berlin+Hbf,Biberach%28Ri%C3%9F%29,10h 11min,22:29,08:40
"29,90",Sparpreis,Y,0,"Mo., 5.12.2022",Berlin+Hbf,Biberach%28Ri%C3%9F%29,10h 11min,22:29,08:40
"119,70",Flexpreis,Y,0,"Mo., 5.12.2022",Berlin+Hbf,Biberach%28Ri%C3%9F%29,10h 11min,22:29,08:40
"138,60",Flexpreis Plus,Y,0,"Mo., 5.12.2022",Berlin+Hbf,Biberach%28Ri%C3%9F%29,10h 11min,22:29,08:40
"23,90",Super Sparpreis,Y,0,"Mo., 5.12.2022",Berlin+Hbf,Biberach%28Ri%C3%9F%29,11h 11min,22:29,09:40
"29,90",Sparpreis,Y,0,"Mo., 5.12.2022",Berlin+Hbf,Biberach%28Ri%C3%9F%29,11h 11min,22:29,09:40
"136,50",Flexpreis,Y,0,"Mo., 5.12.2022",Berlin+Hbf,Biberach%28Ri%C3%9F%29,11h 11min,22:29,09:40
"157,40",Flexpreis Plus,Y,0,"Mo., 5.12.2022",Berlin+Hbf,Biberach%28Ri%C3%9F%29,11h 11min,22:29,09:40
"23,90",Super Sparpreis,Y,0,"Di., 6.12.2022",Berlin+Hbf,Biberach%28Ri%C3%9F%29,9h 39min,21:28,07:07
"29,90",Sparpreis,Y,0,"Di., 6.12.2022",Berlin+Hbf,Biberach%28Ri%C3%9F%29,9h 39min,21:28,07:07
"142,20",Flexpreis,Y,0,"Di., 6.12.2022",Berlin+Hbf,Biberach%28Ri%C3%9F%29,9h 39min,21:28,07:07
"163,80",Flexpreis Plus,Y,0,"Di., 6.12.2022",Berlin+Hbf,Biberach%28Ri%C3%9F%29,9h 39min,21:28,07:07
"23,90",Super Sparpreis,Y,0,"Di., 6.12.2022",Berlin+Hbf,Biberach%28Ri%C3%9F%29,10h 11min,22:29,08:40
"29,90",Sparpreis,Y,0,"Di., 6.12.2022",Berlin+Hbf,Biberach%28Ri%C3%9F%29,10h 11min,22:29,08:40
"119,70",Flexpreis,Y,0,"Di., 6.12.2022",Berlin+Hbf,Biberach%28Ri%C3%9F%29,10h 11min,22:29,08:40
"138,60",Flexpreis Plus,Y,0,"Di., 6.12.2022",Berlin+Hbf,Biberach%28Ri%C3%9F%29,10h 11min,22:29,08:40
"23,90",Super Sparpreis,Y,0,"Di., 6.12.2022",Berlin+Hbf,Biberach%28Ri%C3%9F%29,11h 11min,22:29,09:40
"29,90",Sparpreis,Y,0,"Di., 6.12.2022",Berlin+Hbf,Biberach%28Ri%C3%9F%29,11h 11min,22:29,09:40
"136,50",Flexpreis,Y,0,"Di., 6.12.2022",Berlin+Hbf,Biberach%28Ri%C3%9F%29,11h 11min,22:29,09:40
"157,40",Flexpreis Plus,Y,0,"Di., 6.12.2022",Berlin+Hbf,Biberach%28Ri%C3%9F%29,11h 11min,22:29,09:40
"23,90",Super Sparpreis,Y,0,"Di., 6.12.2022",Berlin+Hbf,Biberach%28Ri%C3%9F%29,9h 39min,21:28,07:07
"29,90",Sparpreis,Y,0,"Di., 6.12.2022",Berlin+Hbf,Biberach%28Ri%C3%9F%29,9h 39min,21:28,07:07
"142,20",Flexpreis,Y,0,"Di., 6.12.2022",Berlin+Hbf,Biberach%28Ri%C3%9F%29,9h 39min,21:28,07:07
"163,80",Flexpreis Plus,Y,0,"Di., 6.12.2022",Berlin+Hbf,Biberach%28Ri%C3%9F%29,9h 39min,21:28,07:07
"23,90",Super Sparpreis,Y,0,"Di., 6.12.2022",Berlin+Hbf,Biberach%28Ri%C3%9F%29,10h 11min,22:29,08:40
"29,90",Sparpreis,Y,0,"Di., 6.12.2022",Berlin+Hbf,Biberach%28Ri%C3%9F%29,10h 11min,22:29,08:40
"119,70",Flexpreis,Y,0,"Di., 6.12.2022",Berlin+Hbf,Biberach%28Ri%C3%9F%29,10h 11min,22:29,08:40
"138,60",Flexpreis Plus,Y,0,"Di., 6.12.2022",Berlin+Hbf,Biberach%28Ri%C3%9F%29,10h 11min,22:29,08:40
"23,90",Super Sparpreis,Y,0,"Di., 6.12.2022",Berlin+Hbf,Biberach%28Ri%C3%9F%29,11h 11min,22:29,09:40
"29,90",Sparpreis,Y,0,"Di., 6.12.2022",Berlin+Hbf,Biberach%28Ri%C3%9F%29,11h 11min,22:29,09:40
"136,50",Flexpreis,Y,0,"Di., 6.12.2022",Berlin+Hbf,Biberach%28Ri%C3%9F%29,11h 11min,22:29,09:40
"157,40",Flexpreis Plus,Y,0,"Di., 6.12.2022",Berlin+Hbf,Biberach%28Ri%C3%9F%29,11h 11min,22:29,09:40
"23,90",Super Sparpreis,Y,0,"Di., 6.12.2022",Berlin+Hbf,Biberach%28Ri%C3%9F%29,10h 11min,22:29,08:40
"29,90",Sparpreis,Y,0,"Di., 6.12.2022",Berlin+Hbf,Biberach%28Ri%C3%9F%29,10h 11min,22:29,08:40
"119,70",Flexpreis,Y,0,"Di., 6.12.2022",Berlin+Hbf,Biberach%28Ri%C3%9F%29,10h 11min,22:29,08:40
"138,60",Flexpreis Plus,Y,0,"Di., 6.12.2022",Berlin+Hbf,Biberach%28Ri%C3%9F%29,10h 11min,22:29,08:40
"23,90",Super Sparpreis,Y,0,"Di., 6.12.2022",Berlin+Hbf,Biberach%28Ri%C3%9F%29,11h 11min,22:29,09:40
"29,90",Sparpreis,Y,0,"Di., 6.12.2022",Berlin+Hbf,Biberach%28Ri%C3%9F%29,11h 11min,22:29,09:40
"136,50",Flexpreis,Y,0,"Di., 6.12.2022",Berlin+Hbf,Biberach%28Ri%C3%9F%29,11h 11min,22:29,09:40
"157,40",Flexpreis Plus,Y,0,"Di., 6.12.2022",Berlin+Hbf,Biberach%28Ri%C3%9F%29,11h 11min,22:29,09:40
"23,90",Super Sparpreis,Y,0,"Di., 6.12.2022",Berlin+Hbf,Biberach%28Ri%C3%9F%29,10h 11min,22:29,08:40
"29,90",Sparpreis,Y,0,"Di., 6.12.2022",Berlin+Hbf,Biberach%28Ri%C3%9F%29,10h 11min,22:29,08:40
"119,70",Flexpreis,Y,0,"Di., 6.12.2022",Berlin+Hbf,Biberach%28Ri%C3%9F%29,10h 11min,22:29,08:40
"138,60",Flexpreis Plus,Y,0,"Di., 6.12.2022",Berlin+Hbf,Biberach%28Ri%C3%9F%29,10h 11min,22:29,08:40
"23,90",Super Sparpreis,Y,0,"Di., 6.12.2022",Berlin+Hbf,Biberach%28Ri%C3%9F%29,11h 11min,22:29,09:40
"29,90",Sparpreis,Y,0,"Di., 6.12.2022",Berlin+Hbf,Biberach%28Ri%C3%9F%29,11h 11min,22:29,09:40
"136,50",Flexpreis,Y,0,"Di., 6.12.2022",Berlin+Hbf,Biberach%28Ri%C3%9F%29,11h 11min,22:29,09:40
"157,40",Flexpreis Plus,Y,0,"Di., 6.12.2022",Berlin+Hbf,Biberach%28Ri%C3%9F%29,11h 11min,22:29,09:40
"23,90",Super Sparpreis,Y,0,"Di., 6.12.2022",Berlin+Hbf,Biberach%28Ri%C3%9F%29,11h 41min,22:59,10:40
"29,90",Sparpreis,Y,0,"Di., 6.12.2022",Berlin+Hbf,Biberach%28Ri%C3%9F%29,11h 41min,22:59,10:40
"163,70",Flexpreis,Y,0,"Di., 6.12.2022",Berlin+Hbf,Biberach%28Ri%C3%9F%29,11h 41min,22:59,10:40
"187,80",Flexpreis Plus,Y,0,"Di., 6.12.2022",Berlin+Hbf,Biberach%28Ri%C3%9F%29,11h 41min,22:59,10:40
"23,90",Super Sparpreis,Y,0,"Di., 6.12.2022",Berlin+Hbf,Biberach%28Ri%C3%9F%29,11h 21min,23:19,10:40
"29,90",Sparpreis,Y,0,"Di., 6.12.2022",Berlin+Hbf,Biberach%28Ri%C3%9F%29,11h 21min,23:19,10:40
"161,40",Flexpreis,Y,0,"Di., 6.12.2022",Berlin+Hbf,Biberach%28Ri%C3%9F%29,11h 21min,23:19,10:40
"185,30",Flexpreis Plus,Y,0,"Di., 6.12.2022",Berlin+Hbf,Biberach%28Ri%C3%9F%29,11h 21min,23:19,10:40
"23,90",Super Sparpreis,Y,0,"Di., 6.12.2022",Berlin+Hbf,Biberach%28Ri%C3%9F%29,7h 12min,05:28,12:40
"29,90",Sparpreis,Y,0,"Di., 6.12.2022",Berlin+Hbf,Biberach%28Ri%C3%9F%29,7h 12min,05:28,12:40
"163,70",Flexpreis,Y,0,"Di., 6.12.2022",Berlin+Hbf,Biberach%28Ri%C3%9F%29,7h 12min,05:28,12:40
"187,80",Flexpreis Plus,Y,0,"Di., 6.12.2022",Berlin+Hbf,Biberach%28Ri%C3%9F%29,7h 12min,05:28,12:40
"23,90",Super Sparpreis,Y,0,"Di., 6.12.2022",Berlin+Hbf,Biberach%28Ri%C3%9F%29,6h 02min,05:34,11:36
"29,90",Sparpreis,Y,0,"Di., 6.12.2022",Berlin+Hbf,Biberach%28Ri%C3%9F%29,6h 02min,05:34,11:36
"161,40",Flexpreis,Y,0,"Di., 6.12.2022",Berlin+Hbf,Biberach%28Ri%C3%9F%29,6h 02min,05:34,11:36
"185,30",Flexpreis Plus,Y,0,"Di., 6.12.2022",Berlin+Hbf,Biberach%28Ri%C3%9F%29,6h 02min,05:34,11:36
"46,90",Super Sparpreis Young,Y,0,"Di., 6.12.2022",Berlin+Hbf,Biberach%28Ri%C3%9F%29,6h 33min,06:01,12:34
"52,90",Sparpreis Young,Y,0,"Di., 6.12.2022",Berlin+Hbf,Biberach%28Ri%C3%9F%29,6h 33min,06:01,12:34
"163,70",Flexpreis,Y,0,"Di., 6.12.2022",Berlin+Hbf,Biberach%28Ri%C3%9F%29,6h 33min,06:01,12:34
"187,80",Flexpreis Plus,Y,0,"Di., 6.12.2022",Berlin+Hbf,Biberach%28Ri%C3%9F%29,6h 33min,06:01,12:34
"41,90",Super Sparpreis Young,Y,0,"Do., 8.12.2022",Berlin+Hbf,Biberach%28Ri%C3%9F%29,7h 12min,11:28,18:40
"47,90",Sparpreis Young,Y,0,"Do., 8.12.2022",Berlin+Hbf,Biberach%28Ri%C3%9F%29,7h 12min,11:28,18:40
"145,00",Flexpreis,Y,0,"Do., 8.12.2022",Berlin+Hbf,Biberach%28Ri%C3%9F%29,7h 12min,11:28,18:40
"166,90",Flexpreis Plus,Y,0,"Do., 8.12.2022",Berlin+Hbf,Biberach%28Ri%C3%9F%29,7h 12min,11:28,18:40
"33,90",Super Sparpreis,Y,0,"Do., 8.12.2022",Berlin+Hbf,Biberach%28Ri%C3%9F%29,5h 55min,11:37,17:32
"39,90",Sparpreis,Y,0,"Do., 8.12.2022",Berlin+Hbf,Biberach%28Ri%C3%9F%29,5h 55min,11:37,17:32
"143,00",Flexpreis,Y,0,"Do., 8.12.2022",Berlin+Hbf,Biberach%28Ri%C3%9F%29,5h 55min,11:37,17:32
"164,70",Flexpreis Plus,Y,0,"Do., 8.12.2022",Berlin+Hbf,Biberach%28Ri%C3%9F%29,5h 55min,11:37,17:32
"88,90",Super Sparpreis,Y,0,"Do., 8.12.2022",Berlin+Hbf,Biberach%28Ri%C3%9F%29,6h 35min,12:05,18:40
"96,90",Sparpreis,Y,0,"Do., 8.12.2022",Berlin+Hbf,Biberach%28Ri%C3%9F%29,6h 35min,12:05,18:40
"145,00",Flexpreis,Y,0,"Do., 8.12.2022",Berlin+Hbf,Biberach%28Ri%C3%9F%29,6h 35min,12:05,18:40
"166,90",Flexpreis Plus,Y,0,"Do., 8.12.2022",Berlin+Hbf,Biberach%28Ri%C3%9F%29,6h 35min,12:05,18:40
"41,90",Super Sparpreis Young,Y,0,"Do., 8.12.2022",Berlin+Hbf,Biberach%28Ri%C3%9F%29,7h 12min,11:28,18:40
"47,90",Sparpreis Young,Y,0,"Do., 8.12.2022",Berlin+Hbf,Biberach%28Ri%C3%9F%29,7h 12min,11:28,18:40
"145,00",Flexpreis,Y,0,"Do., 8.12.2022",Berlin+Hbf,Biberach%28Ri%C3%9F%29,7h 12min,11:28,18:40
"166,90",Flexpreis Plus,Y,0,"Do., 8.12.2022",Berlin+Hbf,Biberach%28Ri%C3%9F%29,7h 12min,11:28,18:40
"33,90",Super Sparpreis,Y,0,"Do., 8.12.2022",Berlin+Hbf,Biberach%28Ri%C3%9F%29,5h 55min,11:37,17:32
"39,90",Sparpreis,Y,0,"Do., 8.12.2022",Berlin+Hbf,Biberach%28Ri%C3%9F%29,5h 55min,11:37,17:32
"143,00",Flexpreis,Y,0,"Do., 8.12.2022",Berlin+Hbf,Biberach%28Ri%C3%9F%29,5h 55min,11:37,17:32
"164,70",Flexpreis Plus,Y,0,"Do., 8.12.2022",Berlin+Hbf,Biberach%28Ri%C3%9F%29,5h 55min,11:37,17:32
"88,90",Super Sparpreis,Y,0,"Do., 8.12.2022",Berlin+Hbf,Biberach%28Ri%C3%9F%29,6h 35min,12:05,18:40
"96,90",Sparpreis,Y,0,"Do., 8.12.2022",Berlin+Hbf,Biberach%28Ri%C3%9F%29,6h 35min,12:05,18:40
"145,00",Flexpreis,Y,0,"Do., 8.12.2022",Berlin+Hbf,Biberach%28Ri%C3%9F%29,6h 35min,12:05,18:40
"166,90",Flexpreis Plus,Y,0,"Do., 8.12.2022",Berlin+Hbf,Biberach%28Ri%C3%9F%29,6h 35min,12:05,18:40
"41,90",Super Sparpreis Young,Y,0,"Do., 8.12.2022",Berlin+Hbf,Biberach%28Ri%C3%9F%29,7h 12min,11:28,18:40
"47,90",Sparpreis Young,Y,0,"Do., 8.12.2022",Berlin+Hbf,Biberach%28Ri%C3%9F%29,7h 12min,11:28,18:40
"145,00",Flexpreis,Y,0,"Do., 8.12.2022",Berlin+Hbf,Biberach%28Ri%C3%9F%29,7h 12min,11:28,18:40
"166,90",Flexpreis Plus,Y,0,"Do., 8.12.2022",Berlin+Hbf,Biberach%28Ri%C3%9F%29,7h 12min,11:28,18:40
"33,90",Super Sparpreis,Y,0,"Do., 8.12.2022",Berlin+Hbf,Biberach%28Ri%C3%9F%29,5h 55min,11:37,17:32
"39,90",Sparpreis,Y,0,"Do., 8.12.2022",Berlin+Hbf,Biberach%28Ri%C3%9F%29,5h 55min,11:37,17:32
"143,00",Flexpreis,Y,0,"Do., 8.12.2022",Berlin+Hbf,Biberach%28Ri%C3%9F%29,5h 55min,11:37,17:32
"164,70",Flexpreis Plus,Y,0,"Do., 8.12.2022",Berlin+Hbf,Biberach%28Ri%C3%9F%29,5h 55min,11:37,17:32
"88,90",Super Sparpreis,Y,0,"Do., 8.12.2022",Berlin+Hbf,Biberach%28Ri%C3%9F%29,6h 35min,12:05,18:40
"96,90",Sparpreis,Y,0,"Do., 8.12.2022",Berlin+Hbf,Biberach%28Ri%C3%9F%29,6h 35min,12:05,18:40
"145,00",Flexpreis,Y,0,"Do., 8.12.2022",Berlin+Hbf,Biberach%28Ri%C3%9F%29,6h 35min,12:05,18:40
"166,90",Flexpreis Plus,Y,0,"Do., 8.12.2022",Berlin+Hbf,Biberach%28Ri%C3%9F%29,6h 35min,12:05,18:40
"88,90",Super Sparpreis,Y,0,"Do., 8.12.2022",Berlin+Hbf,Biberach%28Ri%C3%9F%29,6h 35min,12:05,18:40
"96,90",Sparpreis,Y,0,"Do., 8.12.2022",Berlin+Hbf,Biberach%28Ri%C3%9F%29,6h 35min,12:05,18:40
"145,00",Flexpreis,Y,0,"Do., 8.12.2022",Berlin+Hbf,Biberach%28Ri%C3%9F%29,6h 35min,12:05,18:40
"166,90",Flexpreis Plus,Y,0,"Do., 8.12.2022",Berlin+Hbf,Biberach%28Ri%C3%9F%29,6h 35min,12:05,18:40
"55,90",Super Sparpreis,Y,0,"Do., 8.12.2022",Berlin+Hbf,Biberach%28Ri%C3%9F%29,6h 38min,12:30,19:08
"63,90",Sparpreis,Y,0,"Do., 8.12.2022",Berlin+Hbf,Biberach%28Ri%C3%9F%29,6h 38min,12:30,19:08
"145,00",Flexpreis,Y,0,"Do., 8.12.2022",Berlin+Hbf,Biberach%28Ri%C3%9F%29,6h 38min,12:30,19:08
"166,90",Flexpreis Plus,Y,0,"Do., 8.12.2022",Berlin+Hbf,Biberach%28Ri%C3%9F%29,6h 38min,12:30,19:08
"52,90",Super Sparpreis Young,Y,0,"Do., 8.12.2022",Berlin+Hbf,Biberach%28Ri%C3%9F%29,7h 12min,13:28,20:40
"60,90",Sparpreis Young,Y,0,"Do., 8.12.2022",Berlin+Hbf,Biberach%28Ri%C3%9F%29,7h 12min,13:28,20:40
"145,00",Flexpreis,Y,0,"Do., 8.12.2022",Berlin+Hbf,Biberach%28Ri%C3%9F%29,7h 12min,13:28,20:40
"166,90",Flexpreis Plus,Y,0,"Do., 8.12.2022",Berlin+Hbf,Biberach%28Ri%C3%9F%29,7h 12min,13:28,20:40
"34,90",Super Sparpreis Young,Y,0,"Do., 8.12.2022",Berlin+Hbf,Biberach%28Ri%C3%9F%29,6h 36min,14:04,20:40
"40,90",Sparpreis Young,Y,0,"Do., 8.12.2022",Berlin+Hbf,Biberach%28Ri%C3%9F%29,6h 36min,14:04,20:40
"143,00",Flexpreis,Y,0,"Do., 8.12.2022",Berlin+Hbf,Biberach%28Ri%C3%9F%29,6h 36min,14:04,20:40
"164,70",Flexpreis Plus,Y,0,"Do., 8.12.2022",Berlin+Hbf,Biberach%28Ri%C3%9F%29,6h 36min,14:04,20:40
"55,90",Super Sparpreis,Y,0,"Do., 8.12.2022",Berlin+Hbf,Biberach%28Ri%C3%9F%29,6h 38min,12:30,19:08
"63,90",Sparpreis,Y,0,"Do., 8.12.2022",Berlin+Hbf,Biberach%28Ri%C3%9F%29,6h 38min,12:30,19:08
"145,00",Flexpreis,Y,0,"Do., 8.12.2022",Berlin+Hbf,Biberach%28Ri%C3%9F%29,6h 38min,12:30,19:08
"166,90",Flexpreis Plus,Y,0,"Do., 8.12.2022",Berlin+Hbf,Biberach%28Ri%C3%9F%29,6h 38min,12:30,19:08
"52,90",Super Sparpreis Young,Y,0,"Do., 8.12.2022",Berlin+Hbf,Biberach%28Ri%C3%9F%29,7h 12min,13:28,20:40
"60,90",Sparpreis Young,Y,0,"Do., 8.12.2022",Berlin+Hbf,Biberach%28Ri%C3%9F%29,7h 12min,13:28,20:40
"145,00",Flexpreis,Y,0,"Do., 8.12.2022",Berlin+Hbf,Biberach%28Ri%C3%9F%29,7h 12min,13:28,20:40
"166,90",Flexpreis Plus,Y,0,"Do., 8.12.2022",Berlin+Hbf,Biberach%28Ri%C3%9F%29,7h 12min,13:28,20:40
"34,90",Super Sparpreis Young,Y,0,"Do., 8.12.2022",Berlin+Hbf,Biberach%28Ri%C3%9F%29,6h 36min,14:04,20:40
"40,90",Sparpreis Young,Y,0,"Do., 8.12.2022",Berlin+Hbf,Biberach%28Ri%C3%9F%29,6h 36min,14:04,20:40
"143,00",Flexpreis,Y,0,"Do., 8.12.2022",Berlin+Hbf,Biberach%28Ri%C3%9F%29,6h 36min,14:04,20:40
"164,70",Flexpreis Plus,Y,0,"Do., 8.12.2022",Berlin+Hbf,Biberach%28Ri%C3%9F%29,6h 36min,14:04,20:40
"52,90",Super Sparpreis Young,Y,0,"Do., 8.12.2022",Berlin+Hbf,Biberach%28Ri%C3%9F%29,7h 12min,13:28,20:40
"60,90",Sparpreis Young,Y,0,"Do., 8.12.2022",Berlin+Hbf,Biberach%28Ri%C3%9F%29,7h 12min,13:28,20:40
"145,00",Flexpreis,Y,0,"Do., 8.12.2022",Berlin+Hbf,Biberach%28Ri%C3%9F%29,7h 12min,13:28,20:40
"166,90",Flexpreis Plus,Y,0,"Do., 8.12.2022",Berlin+Hbf,Biberach%28Ri%C3%9F%29,7h 12min,13:28,20:40
"34,90",Super Sparpreis Young,Y,0,"Do., 8.12.2022",Berlin+Hbf,Biberach%28Ri%C3%9F%29,6h 36min,14:04,20:40
"40,90",Sparpreis Young,Y,0,"Do., 8.12.2022",Berlin+Hbf,Biberach%28Ri%C3%9F%29,6h 36min,14:04,20:40
"143,00",Flexpreis,Y,0,"Do., 8.12.2022",Berlin+Hbf,Biberach%28Ri%C3%9F%29,6h 36min,14:04,20:40
"164,70",Flexpreis Plus,Y,0,"Do., 8.12.2022",Berlin+Hbf,Biberach%28Ri%C3%9F%29,6h 36min,14:04,20:40
"41,90",Super Sparpreis Young,Y,0,"Do., 8.12.2022",Berlin+Hbf,Biberach%28Ri%C3%9F%29,7h 13min,15:28,22:41
"47,90",Sparpreis Young,Y,0,"Do., 8.12.2022",Berlin+Hbf,Biberach%28Ri%C3%9F%29,7h 13min,15:28,22:41
"145,00",Flexpreis,Y,0,"Do., 8.12.2022",Berlin+Hbf,Biberach%28Ri%C3%9F%29,7h 13min,15:28,22:41
"166,90",Flexpreis Plus,Y,0,"Do., 8.12.2022",Berlin+Hbf,Biberach%28Ri%C3%9F%29,7h 13min,15:28,22:41
"34,90",Super Sparpreis Young,Y,0,"Do., 8.12.2022",Berlin+Hbf,Biberach%28Ri%C3%9F%29,6h 03min,15:37,21:40
"40,90",Sparpreis Young,Y,0,"Do., 8.12.2022",Berlin+Hbf,Biberach%28Ri%C3%9F%29,6h 03min,15:37,21:40
"143,00",Flexpreis,Y,0,"Do., 8.12.2022",Berlin+Hbf,Biberach%28Ri%C3%9F%29,6h 03min,15:37,21:40
"164,70",Flexpreis Plus,Y,0,"Do., 8.12.2022",Berlin+Hbf,Biberach%28Ri%C3%9F%29,6h 03min,15:37,21:40
"54,90",Super Sparpreis Young,Y,0,"Fr., 9.12.2022",Berlin+Hbf,Biberach%28Ri%C3%9F%29,6h 29min,17:36,00:05
"62,90",Sparpreis Young,Y,0,"Fr., 9.12.2022",Berlin+Hbf,Biberach%28Ri%C3%9F%29,6h 29min,17:36,00:05
"165,70",Flexpreis,Y,0,"Fr., 9.12.2022",Berlin+Hbf,Biberach%28Ri%C3%9F%29,6h 29min,17:36,00:05
"190,10",Flexpreis Plus,Y,0,"Fr., 9.12.2022",Berlin+Hbf,Biberach%28Ri%C3%9F%29,6h 29min,17:36,00:05
"54,90",Super Sparpreis Young,Y,0,"Fr., 9.12.2022",Berlin+Hbf,Biberach%28Ri%C3%9F%29,9h 27min,20:30,05:57
"62,90",Sparpreis Young,Y,0,"Fr., 9.12.2022",Berlin+Hbf,Biberach%28Ri%C3%9F%29,9h 27min,20:30,05:57
"168,00",Flexpreis,Y,0,"Fr., 9.12.2022",Berlin+Hbf,Biberach%28Ri%C3%9F%29,9h 27min,20:30,05:57
"192,70",Flexpreis Plus,Y,0,"Fr., 9.12.2022",Berlin+Hbf,Biberach%28Ri%C3%9F%29,9h 27min,20:30,05:57
"23,90",Super Sparpreis,Y,0,"Fr., 9.12.2022",Berlin+Hbf,Biberach%28Ri%C3%9F%29,9h 47min,21:28,07:15
"29,90",Sparpreis,Y,0,"Fr., 9.12.2022",Berlin+Hbf,Biberach%28Ri%C3%9F%29,9h 47min,21:28,07:15
"168,00",Flexpreis,Y,0,"Fr., 9.12.2022",Berlin+Hbf,Biberach%28Ri%C3%9F%29,9h 47min,21:28,07:15
"192,70",Flexpreis Plus,Y,0,"Fr., 9.12.2022",Berlin+Hbf,Biberach%28Ri%C3%9F%29,9h 47min,21:28,07:15
"54,90",Super Sparpreis Young,Y,0,"Fr., 9.12.2022",Berlin+Hbf,Biberach%28Ri%C3%9F%29,9h 27min,20:30,05:57
"62,90",Sparpreis Young,Y,0,"Fr., 9.12.2022",Berlin+Hbf,Biberach%28Ri%C3%9F%29,9h 27min,20:30,05:57
"168,00",Flexpreis,Y,0,"Fr., 9.12.2022",Berlin+Hbf,Biberach%28Ri%C3%9F%29,9h 27min,20:30,05:57
"192,70",Flexpreis Plus,Y,0,"Fr., 9.12.2022",Berlin+Hbf,Biberach%28Ri%C3%9F%29,9h 27min,20:30,05:57
"23,90",Super Sparpreis,Y,0,"Fr., 9.12.2022",Berlin+Hbf,Biberach%28Ri%C3%9F%29,9h 47min,21:28,07:15
"29,90",Sparpreis,Y,0,"Fr., 9.12.2022",Berlin+Hbf,Biberach%28Ri%C3%9F%29,9h 47min,21:28,07:15
"168,00",Flexpreis,Y,0,"Fr., 9.12.2022",Berlin+Hbf,Biberach%28Ri%C3%9F%29,9h 47min,21:28,07:15
"192,70",Flexpreis Plus,Y,0,"Fr., 9.12.2022",Berlin+Hbf,Biberach%28Ri%C3%9F%29,9h 47min,21:28,07:15
"23,90",Super Sparpreis,Y,0,"Fr., 9.12.2022",Berlin+Hbf,Biberach%28Ri%C3%9F%29,10h 11min,22:29,08:40
"29,90",Sparpreis,Y,0,"Fr., 9.12.2022",Berlin+Hbf,Biberach%28Ri%C3%9F%29,10h 11min,22:29,08:40
"141,50",Flexpreis,Y,0,"Fr., 9.12.2022",Berlin+Hbf,Biberach%28Ri%C3%9F%29,10h 11min,22:29,08:40
"163,00",Flexpreis Plus,Y,0,"Fr., 9.12.2022",Berlin+Hbf,Biberach%28Ri%C3%9F%29,10h 11min,22:29,08:40
"23,90",Super Sparpreis,Y,0,"Fr., 9.12.2022",Berlin+Hbf,Biberach%28Ri%C3%9F%29,10h 39min,22:29,09:08
"29,90",Sparpreis,Y,0,"Fr., 9.12.2022",Berlin+Hbf,Biberach%28Ri%C3%9F%29,10h 39min,22:29,09:08
"141,50",Flexpreis,Y,0,"Fr., 9.12.2022",Berlin+Hbf,Biberach%28Ri%C3%9F%29,10h 39min,22:29,09:08
"163,00",Flexpreis Plus,Y,0,"Fr., 9.12.2022",Berlin+Hbf,Biberach%28Ri%C3%9F%29,10h 39min,22:29,09:08
"54,90",Super Sparpreis Young,Y,0,"Fr., 9.12.2022",Berlin+Hbf,Biberach%28Ri%C3%9F%29,9h 27min,20:30,05:57
"62,90",Sparpreis Young,Y,0,"Fr., 9.12.2022",Berlin+Hbf,Biberach%28Ri%C3%9F%29,9h 27min,20:30,05:57
"168,00",Flexpreis,Y,0,"Fr., 9.12.2022",Berlin+Hbf,Biberach%28Ri%C3%9F%29,9h 27min,20:30,05:57
"192,70",Flexpreis Plus,Y,0,"Fr., 9.12.2022",Berlin+Hbf,Biberach%28Ri%C3%9F%29,9h 27min,20:30,05:57
"23,90",Super Sparpreis,Y,0,"Fr., 9.12.2022",Berlin+Hbf,Biberach%28Ri%C3%9F%29,9h 47min,21:28,07:15
"29,90",Sparpreis,Y,0,"Fr., 9.12.2022",Berlin+Hbf,Biberach%28Ri%C3%9F%29,9h 47min,21:28,07:15
"168,00",Flexpreis,Y,0,"Fr., 9.12.2022",Berlin+Hbf,Biberach%28Ri%C3%9F%29,9h 47min,21:28,07:15
"192,70",Flexpreis Plus,Y,0,"Fr., 9.12.2022",Berlin+Hbf,Biberach%28Ri%C3%9F%29,9h 47min,21:28,07:15
"23,90",Super Sparpreis,Y,0,"Fr., 9.12.2022",Berlin+Hbf,Biberach%28Ri%C3%9F%29,10h 11min,22:29,08:40
"29,90",Sparpreis,Y,0,"Fr., 9.12.2022",Berlin+Hbf,Biberach%28Ri%C3%9F%29,10h 11min,22:29,08:40
"141,50",Flexpreis,Y,0,"Fr., 9.12.2022",Berlin+Hbf,Biberach%28Ri%C3%9F%29,10h 11min,22:29,08:40
"163,00",Flexpreis Plus,Y,0,"Fr., 9.12.2022",Berlin+Hbf,Biberach%28Ri%C3%9F%29,10h 11min,22:29,08:40
"23,90",Super Sparpreis,Y,0,"Fr., 9.12.2022",Berlin+Hbf,Biberach%28Ri%C3%9F%29,10h 39min,22:29,09:08
"29,90",Sparpreis,Y,0,"Fr., 9.12.2022",Berlin+Hbf,Biberach%28Ri%C3%9F%29,10h 39min,22:29,09:08
"141,50",Flexpreis,Y,0,"Fr., 9.12.2022",Berlin+Hbf,Biberach%28Ri%C3%9F%29,10h 39min,22:29,09:08
"163,00",Flexpreis Plus,Y,0,"Fr., 9.12.2022",Berlin+Hbf,Biberach%28Ri%C3%9F%29,10h 39min,22:29,09:08
"54,90",Super Sparpreis Young,Y,0,"Fr., 9.12.2022",Berlin+Hbf,Biberach%28Ri%C3%9F%29,9h 27min,20:30,05:57
"62,90",Sparpreis Young,Y,0,"Fr., 9.12.2022",Berlin+Hbf,Biberach%28Ri%C3%9F%29,9h 27min,20:30,05:57
"168,00",Flexpreis,Y,0,"Fr., 9.12.2022",Berlin+Hbf,Biberach%28Ri%C3%9F%29,9h 27min,20:30,05:57
"192,70",Flexpreis Plus,Y,0,"Fr., 9.12.2022",Berlin+Hbf,Biberach%28Ri%C3%9F%29,9h 27min,20:30,05:57
"23,90",Super Sparpreis,Y,0,"Fr., 9.12.2022",Berlin+Hbf,Biberach%28Ri%C3%9F%29,9h 47min,21:28,07:15
"29,90",Sparpreis,Y,0,"Fr., 9.12.2022",Berlin+Hbf,Biberach%28Ri%C3%9F%29,9h 47min,21:28,07:15
"168,00",Flexpreis,Y,0,"Fr., 9.12.2022",Berlin+Hbf,Biberach%28Ri%C3%9F%29,9h 47min,21:28,07:15
"192,70",Flexpreis Plus,Y,0,"Fr., 9.12.2022",Berlin+Hbf,Biberach%28Ri%C3%9F%29,9h 47min,21:28,07:15
"23,90",Super Sparpreis,Y,0,"Fr., 9.12.2022",Berlin+Hbf,Biberach%28Ri%C3%9F%29,10h 11min,22:29,08:40
"29,90",Sparpreis,Y,0,"Fr., 9.12.2022",Berlin+Hbf,Biberach%28Ri%C3%9F%29,10h 11min,22:29,08:40
"141,50",Flexpreis,Y,0,"Fr., 9.12.2022",Berlin+Hbf,Biberach%28Ri%C3%9F%29,10h 11min,22:29,08:40
"163,00",Flexpreis Plus,Y,0,"Fr., 9.12.2022",Berlin+Hbf,Biberach%28Ri%C3%9F%29,10h 11min,22:29,08:40
"23,90",Super Sparpreis,Y,0,"Fr., 9.12.2022",Berlin+Hbf,Biberach%28Ri%C3%9F%29,10h 39min,22:29,09:08
"29,90",Sparpreis,Y,0,"Fr., 9.12.2022",Berlin+Hbf,Biberach%28Ri%C3%9F%29,10h 39min,22:29,09:08
"141,50",Flexpreis,Y,0,"Fr., 9.12.2022",Berlin+Hbf,Biberach%28Ri%C3%9F%29,10h 39min,22:29,09:08
"163,00",Flexpreis Plus,Y,0,"Fr., 9.12.2022",Berlin+Hbf,Biberach%28Ri%C3%9F%29,10h 39min,22:29,09:08
"54,90",Super Sparpreis Young,Y,0,"Fr., 9.12.2022",Berlin+Hbf,Biberach%28Ri%C3%9F%29,9h 27min,20:30,05:57
"62,90",Sparpreis Young,Y,0,"Fr., 9.12.2022",Berlin+Hbf,Biberach%28Ri%C3%9F%29,9h 27min,20:30,05:57
"168,00",Flexpreis,Y,0,"Fr., 9.12.2022",Berlin+Hbf,Biberach%28Ri%C3%9F%29,9h 27min,20:30,05:57
"192,70",Flexpreis Plus,Y,0,"Fr., 9.12.2022",Berlin+Hbf,Biberach%28Ri%C3%9F%29,9h 27min,20:30,05:57
"23,90",Super Sparpreis,Y,0,"Fr., 9.12.2022",Berlin+Hbf,Biberach%28Ri%C3%9F%29,9h 47min,21:28,07:15
"29,90",Sparpreis,Y,0,"Fr., 9.12.2022",Berlin+Hbf,Biberach%28Ri%C3%9F%29,9h 47min,21:28,07:15
"168,00",Flexpreis,Y,0,"Fr., 9.12.2022",Berlin+Hbf,Biberach%28Ri%C3%9F%29,9h 47min,21:28,07:15
"192,70",Flexpreis Plus,Y,0,"Fr., 9.12.2022",Berlin+Hbf,Biberach%28Ri%C3%9F%29,9h 47min,21:28,07:15
"23,90",Super Sparpreis,Y,0,"Fr., 9.12.2022",Berlin+Hbf,Biberach%28Ri%C3%9F%29,10h 11min,22:29,08:40
"29,90",Sparpreis,Y,0,"Fr., 9.12.2022",Berlin+Hbf,Biberach%28Ri%C3%9F%29,10h 11min,22:29,08:40
"141,50",Flexpreis,Y,0,"Fr., 9.12.2022",Berlin+Hbf,Biberach%28Ri%C3%9F%29,10h 11min,22:29,08:40
"163,00",Flexpreis Plus,Y,0,"Fr., 9.12.2022",Berlin+Hbf,Biberach%28Ri%C3%9F%29,10h 11min,22:29,08:40
"23,90",Super Sparpreis,Y,0,"Fr., 9.12.2022",Berlin+Hbf,Biberach%28Ri%C3%9F%29,10h 39min,22:29,09:08
"29,90",Sparpreis,Y,0,"Fr., 9.12.2022",Berlin+Hbf,Biberach%28Ri%C3%9F%29,10h 39min,22:29,09:08
"141,50",Flexpreis,Y,0,"Fr., 9.12.2022",Berlin+Hbf,Biberach%28Ri%C3%9F%29,10h 39min,22:29,09:08
"163,00",Flexpreis Plus,Y,0,"Fr., 9.12.2022",Berlin+Hbf,Biberach%28Ri%C3%9F%29,10h 39min,22:29,09:08
"54,90",Super Sparpreis Young,Y,0,"Fr., 9.12.2022",Berlin+Hbf,Biberach%28Ri%C3%9F%29,9h 27min,20:30,05:57
"62,90",Sparpreis Young,Y,0,"Fr., 9.12.2022",Berlin+Hbf,Biberach%28Ri%C3%9F%29,9h 27min,20:30,05:57
"168,00",Flexpreis,Y,0,"Fr., 9.12.2022",Berlin+Hbf,Biberach%28Ri%C3%9F%29,9h 27min,20:30,05:57
"192,70",Flexpreis Plus,Y,0,"Fr., 9.12.2022",Berlin+Hbf,Biberach%28Ri%C3%9F%29,9h 27min,20:30,05:57
"23,90",Super Sparpreis,Y,0,"Fr., 9.12.2022",Berlin+Hbf,Biberach%28Ri%C3%9F%29,9h 47min,21:28,07:15
"29,90",Sparpreis,Y,0,"Fr., 9.12.2022",Berlin+Hbf,Biberach%28Ri%C3%9F%29,9h 47min,21:28,07:15
"168,00",Flexpreis,Y,0,"Fr., 9.12.2022",Berlin+Hbf,Biberach%28Ri%C3%9F%29,9h 47min,21:28,07:15
"192,70",Flexpreis Plus,Y,0,"Fr., 9.12.2022",Berlin+Hbf,Biberach%28Ri%C3%9F%29,9h 47min,21:28,07:15
"23,90",Super Sparpreis,Y,0,"Fr., 9.12.2022",Berlin+Hbf,Biberach%28Ri%C3%9F%29,10h 11min,22:29,08:40
"29,90",Sparpreis,Y,0,"Fr., 9.12.2022",Berlin+Hbf,Biberach%28Ri%C3%9F%29,10h 11min,22:29,08:40
"141,50",Flexpreis,Y,0,"Fr., 9.12.2022",Berlin+Hbf,Biberach%28Ri%C3%9F%29,10h 11min,22:29,08:40
"163,00",Flexpreis Plus,Y,0,"Fr., 9.12.2022",Berlin+Hbf,Biberach%28Ri%C3%9F%29,10h 11min,22:29,08:40
"23,90",Super Sparpreis,Y,0,"Fr., 9.12.2022",Berlin+Hbf,Biberach%28Ri%C3%9F%29,10h 39min,22:29,09:08
"29,90",Sparpreis,Y,0,"Fr., 9.12.2022",Berlin+Hbf,Biberach%28Ri%C3%9F%29,10h 39min,22:29,09:08
"141,50",Flexpreis,Y,0,"Fr., 9.12.2022",Berlin+Hbf,Biberach%28Ri%C3%9F%29,10h 39min,22:29,09:08
"163,00",Flexpreis Plus,Y,0,"Fr., 9.12.2022",Berlin+Hbf,Biberach%28Ri%C3%9F%29,10h 39min,22:29,09:08
"41,90",Super Sparpreis Young,Y,0,"So., 11.12.2022",Berlin+Hbf,Biberach%28Ri%C3%9F%29,7h 14min,05:26,12:40
"47,90",Sparpreis Young,Y,0,"So., 11.12.2022",Berlin+Hbf,Biberach%28Ri%C3%9F%29,7h 14min,05:26,12:40
"163,70",Flexpreis,Y,0,"So., 11.12.2022",Berlin+Hbf,Biberach%28Ri%C3%9F%29,7h 14min,05:26,12:40
"187,80",Flexpreis Plus,Y,0,"So., 11.12.2022",Berlin+Hbf,Biberach%28Ri%C3%9F%29,7h 14min,05:26,12:40
"41,90",Super Sparpreis Young,Y,0,"So., 11.12.2022",Berlin+Hbf,Biberach%28Ri%C3%9F%29,6h 40min,06:00,12:40
"47,90",Sparpreis Young,Y,0,"So., 11.12.2022",Berlin+Hbf,Biberach%28Ri%C3%9F%29,6h 40min,06:00,12:40
"163,70",Flexpreis,Y,0,"So., 11.12.2022",Berlin+Hbf,Biberach%28Ri%C3%9F%29,6h 40min,06:00,12:40
"187,80",Flexpreis Plus,Y,0,"So., 11.12.2022",Berlin+Hbf,Biberach%28Ri%C3%9F%29,6h 40min,06:00,12:40
"34,90",Super Sparpreis Young,Y,0,"So., 11.12.2022",Berlin+Hbf,Biberach%28Ri%C3%9F%29,7h 06min,07:26,14:32
"40,90",Sparpreis Young,Y,0,"So., 11.12.2022",Berlin+Hbf,Biberach%28Ri%C3%9F%29,7h 06min,07:26,14:32
"163,70",Flexpreis,Y,0,"So., 11.12.2022",Berlin+Hbf,Biberach%28Ri%C3%9F%29,7h 06min,07:26,14:32
"187,80",Flexpreis Plus,Y,0,"So., 11.12.2022",Berlin+Hbf,Biberach%28Ri%C3%9F%29,7h 06min,07:26,14:32
"41,90",Super Sparpreis Young,Y,0,"So., 11.12.2022",Berlin+Hbf,Biberach%28Ri%C3%9F%29,7h 39min,07:28,15:07
"47,90",Sparpreis Young,Y,0,"So., 11.12.2022",Berlin+Hbf,Biberach%28Ri%C3%9F%29,7h 39min,07:28,15:07
"161,40",Flexpreis,Y,0,"So., 11.12.2022",Berlin+Hbf,Biberach%28Ri%C3%9F%29,7h 39min,07:28,15:07
"185,30",Flexpreis Plus,Y,0,"So., 11.12.2022",Berlin+Hbf,Biberach%28Ri%C3%9F%29,7h 39min,07:28,15:07
"41,90",Super Sparpreis Young,Y,0,"So., 11.12.2022",Berlin+Hbf,Biberach%28Ri%C3%9F%29,7h 14min,05:26,12:40
"47,90",Sparpreis Young,Y,0,"So., 11.12.2022",Berlin+Hbf,Biberach%28Ri%C3%9F%29,7h 14min,05:26,12:40
"163,70",Flexpreis,Y,0,"So., 11.12.2022",Berlin+Hbf,Biberach%28Ri%C3%9F%29,7h 14min,05:26,12:40
"187,80",Flexpreis Plus,Y,0,"So., 11.12.2022",Berlin+Hbf,Biberach%28Ri%C3%9F%29,7h 14min,05:26,12:40
"41,90",Super Sparpreis Young,Y,0,"So., 11.12.2022",Berlin+Hbf,Biberach%28Ri%C3%9F%29,6h 40min,06:00,12:40
"47,90",Sparpreis Young,Y,0,"So., 11.12.2022",Berlin+Hbf,Biberach%28Ri%C3%9F%29,6h 40min,06:00,12:40
"163,70",Flexpreis,Y,0,"So., 11.12.2022",Berlin+Hbf,Biberach%28Ri%C3%9F%29,6h 40min,06:00,12:40
"187,80",Flexpreis Plus,Y,0,"So., 11.12.2022",Berlin+Hbf,Biberach%28Ri%C3%9F%29,6h 40min,06:00,12:40
"34,90",Super Sparpreis Young,Y,0,"So., 11.12.2022",Berlin+Hbf,Biberach%28Ri%C3%9F%29,7h 06min,07:26,14:32
"40,90",Sparpreis Young,Y,0,"So., 11.12.2022",Berlin+Hbf,Biberach%28Ri%C3%9F%29,7h 06min,07:26,14:32
"163,70",Flexpreis,Y,0,"So., 11.12.2022",Berlin+Hbf,Biberach%28Ri%C3%9F%29,7h 06min,07:26,14:32
"187,80",Flexpreis Plus,Y,0,"So., 11.12.2022",Berlin+Hbf,Biberach%28Ri%C3%9F%29,7h 06min,07:26,14:32
"41,90",Super Sparpreis Young,Y,0,"So., 11.12.2022",Berlin+Hbf,Biberach%28Ri%C3%9F%29,7h 39min,07:28,15:07
"47,90",Sparpreis Young,Y,0,"So., 11.12.2022",Berlin+Hbf,Biberach%28Ri%C3%9F%29,7h 39min,07:28,15:07
"161,40",Flexpreis,Y,0,"So., 11.12.2022",Berlin+Hbf,Biberach%28Ri%C3%9F%29,7h 39min,07:28,15:07
"185,30",Flexpreis Plus,Y,0,"So., 11.12.2022",Berlin+Hbf,Biberach%28Ri%C3%9F%29,7h 39min,07:28,15:07
"41,90",Super Sparpreis Young,Y,0,"So., 11.12.2022",Berlin+Hbf,Biberach%28Ri%C3%9F%29,7h 14min,05:26,12:40
"47,90",Sparpreis Young,Y,0,"So., 11.12.2022",Berlin+Hbf,Biberach%28Ri%C3%9F%29,7h 14min,05:26,12:40
"163,70",Flexpreis,Y,0,"So., 11.12.2022",Berlin+Hbf,Biberach%28Ri%C3%9F%29,7h 14min,05:26,12:40
"187,80",Flexpreis Plus,Y,0,"So., 11.12.2022",Berlin+Hbf,Biberach%28Ri%C3%9F%29,7h 14min,05:26,12:40
"41,90",Super Sparpreis Young,Y,0,"So., 11.12.2022",Berlin+Hbf,Biberach%28Ri%C3%9F%29,6h 40min,06:00,12:40
"47,90",Sparpreis Young,Y,0,"So., 11.12.2022",Berlin+Hbf,Biberach%28Ri%C3%9F%29,6h 40min,06:00,12:40
"163,70",Flexpreis,Y,0,"So., 11.12.2022",Berlin+Hbf,Biberach%28Ri%C3%9F%29,6h 40min,06:00,12:40
"187,80",Flexpreis Plus,Y,0,"So., 11.12.2022",Berlin+Hbf,Biberach%28Ri%C3%9F%29,6h 40min,06:00,12:40
"34,90",Super Sparpreis Young,Y,0,"So., 11.12.2022",Berlin+Hbf,Biberach%28Ri%C3%9F%29,7h 06min,07:26,14:32
"40,90",Sparpreis Young,Y,0,"So., 11.12.2022",Berlin+Hbf,Biberach%28Ri%C3%9F%29,7h 06min,07:26,14:32
"163,70",Flexpreis,Y,0,"So., 11.12.2022",Berlin+Hbf,Biberach%28Ri%C3%9F%29,7h 06min,07:26,14:32
"187,80",Flexpreis Plus,Y,0,"So., 11.12.2022",Berlin+Hbf,Biberach%28Ri%C3%9F%29,7h 06min,07:26,14:32
"41,90",Super Sparpreis Young,Y,0,"So., 11.12.2022",Berlin+Hbf,Biberach%28Ri%C3%9F%29,7h 39min,07:28,15:07
"47,90",Sparpreis Young,Y,0,"So., 11.12.2022",Berlin+Hbf,Biberach%28Ri%C3%9F%29,7h 39min,07:28,15:07
"161,40",Flexpreis,Y,0,"So., 11.12.2022",Berlin+Hbf,Biberach%28Ri%C3%9F%29,7h 39min,07:28,15:07
"185,30",Flexpreis Plus,Y,0,"So., 11.12.2022",Berlin+Hbf,Biberach%28Ri%C3%9F%29,7h 39min,07:28,15:07
"41,90",Super Sparpreis Young,Y,0,"So., 11.12.2022",Berlin+Hbf,Biberach%28Ri%C3%9F%29,7h 14min,05:26,12:40
"47,90",Sparpreis Young,Y,0,"So., 11.12.2022",Berlin+Hbf,Biberach%28Ri%C3%9F%29,7h 14min,05:26,12:40
"163,70",Flexpreis,Y,0,"So., 11.12.2022",Berlin+Hbf,Biberach%28Ri%C3%9F%29,7h 14min,05:26,12:40
"187,80",Flexpreis Plus,Y,0,"So., 11.12.2022",Berlin+Hbf,Biberach%28Ri%C3%9F%29,7h 14min,05:26,12:40
"41,90",Super Sparpreis Young,Y,0,"So., 11.12.2022",Berlin+Hbf,Biberach%28Ri%C3%9F%29,6h 40min,06:00,12:40
"47,90",Sparpreis Young,Y,0,"So., 11.12.2022",Berlin+Hbf,Biberach%28Ri%C3%9F%29,6h 40min,06:00,12:40
"163,70",Flexpreis,Y,0,"So., 11.12.2022",Berlin+Hbf,Biberach%28Ri%C3%9F%29,6h 40min,06:00,12:40
"187,80",Flexpreis Plus,Y,0,"So., 11.12.2022",Berlin+Hbf,Biberach%28Ri%C3%9F%29,6h 40min,06:00,12:40
"34,90",Super Sparpreis Young,Y,0,"So., 11.12.2022",Berlin+Hbf,Biberach%28Ri%C3%9F%29,7h 06min,07:26,14:32
"40,90",Sparpreis Young,Y,0,"So., 11.12.2022",Berlin+Hbf,Biberach%28Ri%C3%9F%29,7h 06min,07:26,14:32
"163,70",Flexpreis,Y,0,"So., 11.12.2022",Berlin+Hbf,Biberach%28Ri%C3%9F%29,7h 06min,07:26,14:32
"187,80",Flexpreis Plus,Y,0,"So., 11.12.2022",Berlin+Hbf,Biberach%28Ri%C3%9F%29,7h 06min,07:26,14:32
"41,90",Super Sparpreis Young,Y,0,"So., 11.12.2022",Berlin+Hbf,Biberach%28Ri%C3%9F%29,7h 39min,07:28,15:07
"47,90",Sparpreis Young,Y,0,"So., 11.12.2022",Berlin+Hbf,Biberach%28Ri%C3%9F%29,7h 39min,07:28,15:07
"161,40",Flexpreis,Y,0,"So., 11.12.2022",Berlin+Hbf,Biberach%28Ri%C3%9F%29,7h 39min,07:28,15:07
"185,30",Flexpreis Plus,Y,0,"So., 11.12.2022",Berlin+Hbf,Biberach%28Ri%C3%9F%29,7h 39min,07:28,15:07
"41,90",Super Sparpreis Young,Y,0,"So., 11.12.2022",Berlin+Hbf,Biberach%28Ri%C3%9F%29,7h 14min,05:26,12:40
"47,90",Sparpreis Young,Y,0,"So., 11.12.2022",Berlin+Hbf,Biberach%28Ri%C3%9F%29,7h 14min,05:26,12:40
"163,70",Flexpreis,Y,0,"So., 11.12.2022",Berlin+Hbf,Biberach%28Ri%C3%9F%29,7h 14min,05:26,12:40
"187,80",Flexpreis Plus,Y,0,"So., 11.12.2022",Berlin+Hbf,Biberach%28Ri%C3%9F%29,7h 14min,05:26,12:40
"41,90",Super Sparpreis Young,Y,0,"So., 11.12.2022",Berlin+Hbf,Biberach%28Ri%C3%9F%29,6h 40min,06:00,12:40
"47,90",Sparpreis Young,Y,0,"So., 11.12.2022",Berlin+Hbf,Biberach%28Ri%C3%9F%29,6h 40min,06:00,12:40
"163,70",Flexpreis,Y,0,"So., 11.12.2022",Berlin+Hbf,Biberach%28Ri%C3%9F%29,6h 40min,06:00,12:40
"187,80",Flexpreis Plus,Y,0,"So., 11.12.2022",Berlin+Hbf,Biberach%28Ri%C3%9F%29,6h 40min,06:00,12:40
"34,90",Super Sparpreis Young,Y,0,"So., 11.12.2022",Berlin+Hbf,Biberach%28Ri%C3%9F%29,7h 06min,07:26,14:32
"40,90",Sparpreis Young,Y,0,"So., 11.12.2022",Berlin+Hbf,Biberach%28Ri%C3%9F%29,7h 06min,07:26,14:32
"163,70",Flexpreis,Y,0,"So., 11.12.2022",Berlin+Hbf,Biberach%28Ri%C3%9F%29,7h 06min,07:26,14:32
"187,80",Flexpreis Plus,Y,0,"So., 11.12.2022",Berlin+Hbf,Biberach%28Ri%C3%9F%29,7h 06min,07:26,14:32
"41,90",Super Sparpreis Young,Y,0,"So., 11.12.2022",Berlin+Hbf,Biberach%28Ri%C3%9F%29,7h 39min,07:28,15:07
"47,90",Sparpreis Young,Y,0,"So., 11.12.2022",Berlin+Hbf,Biberach%28Ri%C3%9F%29,7h 39min,07:28,15:07
"161,40",Flexpreis,Y,0,"So., 11.12.2022",Berlin+Hbf,Biberach%28Ri%C3%9F%29,7h 39min,07:28,15:07
"185,30",Flexpreis Plus,Y,0,"So., 11.12.2022",Berlin+Hbf,Biberach%28Ri%C3%9F%29,7h 39min,07:28,15:07
"41,90",Super Sparpreis Young,Y,0,"So., 11.12.2022",Berlin+Hbf,Biberach%28Ri%C3%9F%29,6h 40min,06:00,12:40
"47,90",Sparpreis Young,Y,0,"So., 11.12.2022",Berlin+Hbf,Biberach%28Ri%C3%9F%29,6h 40min,06:00,12:40
"163,70",Flexpreis,Y,0,"So., 11.12.2022",Berlin+Hbf,Biberach%28Ri%C3%9F%29,6h 40min,06:00,12:40
"187,80",Flexpreis Plus,Y,0,"So., 11.12.2022",Berlin+Hbf,Biberach%28Ri%C3%9F%29,6h 40min,06:00,12:40
"34,90",Super Sparpreis Young,Y,0,"So., 11.12.2022",Berlin+Hbf,Biberach%28Ri%C3%9F%29,7h 06min,07:26,14:32
"40,90",Sparpreis Young,Y,0,"So., 11.12.2022",Berlin+Hbf,Biberach%28Ri%C3%9F%29,7h 06min,07:26,14:32
"163,70",Flexpreis,Y,0,"So., 11.12.2022",Berlin+Hbf,Biberach%28Ri%C3%9F%29,7h 06min,07:26,14:32
"187,80",Flexpreis Plus,Y,0,"So., 11.12.2022",Berlin+Hbf,Biberach%28Ri%C3%9F%29,7h 06min,07:26,14:32
"41,90",Super Sparpreis Young,Y,0,"So., 11.12.2022",Berlin+Hbf,Biberach%28Ri%C3%9F%29,7h 39min,07:28,15:07
"47,90",Sparpreis Young,Y,0,"So., 11.12.2022",Berlin+Hbf,Biberach%28Ri%C3%9F%29,7h 39min,07:28,15:07
"161,40",Flexpreis,Y,0,"So., 11.12.2022",Berlin+Hbf,Biberach%28Ri%C3%9F%29,7h 39min,07:28,15:07
"185,30",Flexpreis Plus,Y,0,"So., 11.12.2022",Berlin+Hbf,Biberach%28Ri%C3%9F%29,7h 39min,07:28,15:07
"28,90",Super Sparpreis Young,Y,0,"Mo., 12.12.2022",Berlin+Hbf,Biberach%28Ri%C3%9F%29,6h 06min,05:34,11:40
"34,90",Sparpreis Young,Y,0,"Mo., 12.12.2022",Berlin+Hbf,Biberach%28Ri%C3%9F%29,6h 06min,05:34,11:40
"140,20",Flexpreis,Y,0,"Mo., 12.12.2022",Berlin+Hbf,Biberach%28Ri%C3%9F%29,6h 06min,05:34,11:40
"161,50",Flexpreis Plus,Y,0,"Mo., 12.12.2022",Berlin+Hbf,Biberach%28Ri%C3%9F%29,6h 06min,05:34,11:40
"41,90",Super Sparpreis Young,Y,0,"Mo., 12.12.2022",Berlin+Hbf,Biberach%28Ri%C3%9F%29,6h 34min,06:00,12:34
"47,90",Sparpreis Young,Y,0,"Mo., 12.12.2022",Berlin+Hbf,Biberach%28Ri%C3%9F%29,6h 34min,06:00,12:34
"142,20",Flexpreis,Y,0,"Mo., 12.12.2022",Berlin+Hbf,Biberach%28Ri%C3%9F%29,6h 34min,06:00,12:34
"163,80",Flexpreis Plus,Y,0,"Mo., 12.12.2022",Berlin+Hbf,Biberach%28Ri%C3%9F%29,6h 34min,06:00,12:34
"35,90",Super Sparpreis Young,Y,0,"Mo., 12.12.2022",Berlin+Hbf,Biberach%28Ri%C3%9F%29,7h 05min,06:29,13:34
"41,90",Sparpreis Young,Y,0,"Mo., 12.12.2022",Berlin+Hbf,Biberach%28Ri%C3%9F%29,7h 05min,06:29,13:34
"142,20",Flexpreis,Y,0,"Mo., 12.12.2022",Berlin+Hbf,Biberach%28Ri%C3%9F%29,7h 05min,06:29,13:34
"163,80",Flexpreis Plus,Y,0,"Mo., 12.12.2022",Berlin+Hbf,Biberach%28Ri%C3%9F%29,7h 05min,06:29,13:34
"41,90",Super Sparpreis Young,Y,0,"Mo., 12.12.2022",Berlin+Hbf,Biberach%28Ri%C3%9F%29,6h 34min,06:00,12:34
"47,90",Sparpreis Young,Y,0,"Mo., 12.12.2022",Berlin+Hbf,Biberach%28Ri%C3%9F%29,6h 34min,06:00,12:34
"142,20",Flexpreis,Y,0,"Mo., 12.12.2022",Berlin+Hbf,Biberach%28Ri%C3%9F%29,6h 34min,06:00,12:34
"163,80",Flexpreis Plus,Y,0,"Mo., 12.12.2022",Berlin+Hbf,Biberach%28Ri%C3%9F%29,6h 34min,06:00,12:34
"35,90",Super Sparpreis Young,Y,0,"Mo., 12.12.2022",Berlin+Hbf,Biberach%28Ri%C3%9F%29,7h 05min,06:29,13:34
"41,90",Sparpreis Young,Y,0,"Mo., 12.12.2022",Berlin+Hbf,Biberach%28Ri%C3%9F%29,7h 05min,06:29,13:34
"142,20",Flexpreis,Y,0,"Mo., 12.12.2022",Berlin+Hbf,Biberach%28Ri%C3%9F%29,7h 05min,06:29,13:34
"163,80",Flexpreis Plus,Y,0,"Mo., 12.12.2022",Berlin+Hbf,Biberach%28Ri%C3%9F%29,7h 05min,06:29,13:34
"28,90",Super Sparpreis Young,Y,0,"Mo., 12.12.2022",Berlin+Hbf,Biberach%28Ri%C3%9F%29,7h 06min,07:26,14:32
"34,90",Sparpreis Young,Y,0,"Mo., 12.12.2022",Berlin+Hbf,Biberach%28Ri%C3%9F%29,7h 06min,07:26,14:32
"142,20",Flexpreis,Y,0,"Mo., 12.12.2022",Berlin+Hbf,Biberach%28Ri%C3%9F%29,7h 06min,07:26,14:32
"163,80",Flexpreis Plus,Y,0,"Mo., 12.12.2022",Berlin+Hbf,Biberach%28Ri%C3%9F%29,7h 06min,07:26,14:32
"28,90",Super Sparpreis Young,Y,0,"Mo., 12.12.2022",Berlin+Hbf,Biberach%28Ri%C3%9F%29,7h 39min,07:28,15:07
"34,90",Sparpreis Young,Y,0,"Mo., 12.12.2022",Berlin+Hbf,Biberach%28Ri%C3%9F%29,7h 39min,07:28,15:07
"140,20",Flexpreis,Y,0,"Mo., 12.12.2022",Berlin+Hbf,Biberach%28Ri%C3%9F%29,7h 39min,07:28,15:07
"161,50",Flexpreis Plus,Y,0,"Mo., 12.12.2022",Berlin+Hbf,Biberach%28Ri%C3%9F%29,7h 39min,07:28,15:07
"35,90",Super Sparpreis Young,Y,0,"Mo., 12.12.2022",Berlin+Hbf,Biberach%28Ri%C3%9F%29,7h 05min,06:29,13:34
"41,90",Sparpreis Young,Y,0,"Mo., 12.12.2022",Berlin+Hbf,Biberach%28Ri%C3%9F%29,7h 05min,06:29,13:34
"142,20",Flexpreis,Y,0,"Mo., 12.12.2022",Berlin+Hbf,Biberach%28Ri%C3%9F%29,7h 05min,06:29,13:34
"163,80",Flexpreis Plus,Y,0,"Mo., 12.12.2022",Berlin+Hbf,Biberach%28Ri%C3%9F%29,7h 05min,06:29,13:34
"28,90",Super Sparpreis Young,Y,0,"Mo., 12.12.2022",Berlin+Hbf,Biberach%28Ri%C3%9F%29,7h 06min,07:26,14:32
"34,90",Sparpreis Young,Y,0,"Mo., 12.12.2022",Berlin+Hbf,Biberach%28Ri%C3%9F%29,7h 06min,07:26,14:32
"142,20",Flexpreis,Y,0,"Mo., 12.12.2022",Berlin+Hbf,Biberach%28Ri%C3%9F%29,7h 06min,07:26,14:32
"163,80",Flexpreis Plus,Y,0,"Mo., 12.12.2022",Berlin+Hbf,Biberach%28Ri%C3%9F%29,7h 06min,07:26,14:32
"28,90",Super Sparpreis Young,Y,0,"Mo., 12.12.2022",Berlin+Hbf,Biberach%28Ri%C3%9F%29,7h 39min,07:28,15:07
"34,90",Sparpreis Young,Y,0,"Mo., 12.12.2022",Berlin+Hbf,Biberach%28Ri%C3%9F%29,7h 39min,07:28,15:07
"140,20",Flexpreis,Y,0,"Mo., 12.12.2022",Berlin+Hbf,Biberach%28Ri%C3%9F%29,7h 39min,07:28,15:07
"161,50",Flexpreis Plus,Y,0,"Mo., 12.12.2022",Berlin+Hbf,Biberach%28Ri%C3%9F%29,7h 39min,07:28,15:07
"28,90",Super Sparpreis Young,Y,0,"Mo., 12.12.2022",Berlin+Hbf,Biberach%28Ri%C3%9F%29,7h 06min,07:26,14:32
"34,90",Sparpreis Young,Y,0,"Mo., 12.12.2022",Berlin+Hbf,Biberach%28Ri%C3%9F%29,7h 06min,07:26,14:32
"142,20",Flexpreis,Y,0,"Mo., 12.12.2022",Berlin+Hbf,Biberach%28Ri%C3%9F%29,7h 06min,07:26,14:32
"163,80",Flexpreis Plus,Y,0,"Mo., 12.12.2022",Berlin+Hbf,Biberach%28Ri%C3%9F%29,7h 06min,07:26,14:32
"28,90",Super Sparpreis Young,Y,0,"Mo., 12.12.2022",Berlin+Hbf,Biberach%28Ri%C3%9F%29,7h 39min,07:28,15:07
"34,90",Sparpreis Young,Y,0,"Mo., 12.12.2022",Berlin+Hbf,Biberach%28Ri%C3%9F%29,7h 39min,07:28,15:07
"140,20",Flexpreis,Y,0,"Mo., 12.12.2022",Berlin+Hbf,Biberach%28Ri%C3%9F%29,7h 39min,07:28,15:07
"161,50",Flexpreis Plus,Y,0,"Mo., 12.12.2022",Berlin+Hbf,Biberach%28Ri%C3%9F%29,7h 39min,07:28,15:07
"28,90",Super Sparpreis Young,Y,0,"Mo., 12.12.2022",Berlin+Hbf,Biberach%28Ri%C3%9F%29,7h 39min,07:28,15:07
"34,90",Sparpreis Young,Y,0,"Mo., 12.12.2022",Berlin+Hbf,Biberach%28Ri%C3%9F%29,7h 39min,07:28,15:07
"140,20",Flexpreis,Y,0,"Mo., 12.12.2022",Berlin+Hbf,Biberach%28Ri%C3%9F%29,7h 39min,07:28,15:07
"161,50",Flexpreis Plus,Y,0,"Mo., 12.12.2022",Berlin+Hbf,Biberach%28Ri%C3%9F%29,7h 39min,07:28,15:07
"99,90",Super Sparpreis,Y,0,"Mo., 12.12.2022",Berlin+Hbf,Biberach%28Ri%C3%9F%29,6h 06min,07:34,13:40
"107,90",Sparpreis,Y,0,"Mo., 12.12.2022",Berlin+Hbf,Biberach%28Ri%C3%9F%29,6h 06min,07:34,13:40
"142,20",Flexpreis,Y,0,"Mo., 12.12.2022",Berlin+Hbf,Biberach%28Ri%C3%9F%29,6h 06min,07:34,13:40
"163,80",Flexpreis Plus,Y,0,"Mo., 12.12.2022",Berlin+Hbf,Biberach%28Ri%C3%9F%29,6h 06min,07:34,13:40
"99,90",Super Sparpreis,Y,0,"Mo., 12.12.2022",Berlin+Hbf,Biberach%28Ri%C3%9F%29,6h 28min,08:04,14:32
"107,90",Sparpreis,Y,0,"Mo., 12.12.2022",Berlin+Hbf,Biberach%28Ri%C3%9F%29,6h 28min,08:04,14:32
"142,20",Flexpreis,Y,0,"Mo., 12.12.2022",Berlin+Hbf,Biberach%28Ri%C3%9F%29,6h 28min,08:04,14:32
"163,80",Flexpreis Plus,Y,0,"Mo., 12.12.2022",Berlin+Hbf,Biberach%28Ri%C3%9F%29,6h 28min,08:04,14:32
"46,90",Super Sparpreis Young,Y,0,"Mo., 12.12.2022",Berlin+Hbf,Biberach%28Ri%C3%9F%29,7h 06min,08:29,15:35
"52,90",Sparpreis Young,Y,0,"Mo., 12.12.2022",Berlin+Hbf,Biberach%28Ri%C3%9F%29,7h 06min,08:29,15:35
"142,20",Flexpreis,Y,0,"Mo., 12.12.2022",Berlin+Hbf,Biberach%28Ri%C3%9F%29,7h 06min,08:29,15:35
"163,80",Flexpreis Plus,Y,0,"Mo., 12.12.2022",Berlin+Hbf,Biberach%28Ri%C3%9F%29,7h 06min,08:29,15:35
"45,90",Super Sparpreis Young,Y,0,"Mo., 12.12.2022",Berlin+Hbf,Biberach%28Ri%C3%9F%29,7h 21min,08:46,16:07
"51,90",Sparpreis Young,Y,0,"Mo., 12.12.2022",Berlin+Hbf,Biberach%28Ri%C3%9F%29,7h 21min,08:46,16:07
"142,20",Flexpreis,Y,0,"Mo., 12.12.2022",Berlin+Hbf,Biberach%28Ri%C3%9F%29,7h 21min,08:46,16:07
"163,80",Flexpreis Plus,Y,0,"Mo., 12.12.2022",Berlin+Hbf,Biberach%28Ri%C3%9F%29,7h 21min,08:46,16:07
